100,68,,,,,,,,,,,,,,,,,,,,,,,,,,,,,,,,,,,,,,,,,,,,,,,,,,,,,,,,,,,,,,,,,,
0,1,,,,,,,,,,,,,,,,,,,,,,,,,,,,,,,,,,,,,,,,,,,,,,,,,,,,,,,,,,,,,,,,,,
1982,1,,,,,,,,,,,,,,,,,,,,,,,,,,,,,,,,,,,,,,,,,,,,,,,,,,,,,,,,,,,,,,,,,,
0.0029475,0.0033431,0.0037003,0.0047563,0.0058612,0.0063026,0.0071449,0.0098202,0.010414,0.01282,0.015461,0.017654,0.020551,0.022458,0.025301,0.029692,0.031557,0.033638,0.036635,0.039349,0.040941,0.041284,0.042249,0.043583,0.04355,0.042396,0.042215,0.042441,0.042725,0.042276,0.042143,0.038612,0.038376,0.040114,0.038036,0.036299,0.037636,0.037227,0.036116,0.03632,0.035464,0.035928,0.035337,0.033873,0.034531,0.033773,0.033325,0.034271,0.033576,0.032133,0.032983,0.031587,0.029742,0.029925,0.030502,0.031597,0.030375,0.028486,0.029667,0.029662,0.030256,0.027415,0.026927,0.027844,0.028794,0.027862,0.028068,0.028453
0,0,0,0,0,0,0,0,0,0,0,0,0,0,0,0,0,0,0,0,0,0,0,0,0,0,0,0,0,0,0,0,0,0,0,0,0,0,0,0,0,0,0,0,0,0,0,0,0,0,0,0,0,0,0,0,0,0,0,0,0,0,0,0,0,0,0,0
0,0,0,0,0,0,0,0,0,0,0,0,0,0,0,0,0,0,0,0,0,0,0,0,0,0,0,0,0,0,0,0,0,0,0,0,0,0,0,0,0,0,0,0,0,0,0,0,0,0,0,0,0,0,0,0,0,0,0,0,0,0,0,0,0,0,0,0
0,0,0,0,0,0,0,0,0,0,0,0,0,0,0,0,0,0,0,0,0,0,0,0,0,0,0,0,0,0,0,0,0,0,0,0,0,0,0,0,0,0,0,0,0,0,0,0,0,0,0,0,0,0,0,0,0,0,0,0,0,0,0,0,0,0,0,0
0,0,0,0,0,0,0,0,0,0,0,0,0,0,0,0,0,0,0,0,0,0,0,0,0,0,0,0,0,0,0,0,0,0,0,0,0,0,0,0,0,0,0,0,0,0,0,0,0,0,0,0,0,0,0,0,0,0,0,0,0,0,0,0,0,0,0,0
0,0,0,0,0,0,0,0,0,0,0,0,0,0,0,0,0,0,0,0,0,0,0,0,0,0,0,0,0,0,0,0,0,0,0,0,0,0,0,0,0,0,0,0,0,0,0,0,0,0,0,0,0,0,0,0,0,0,0,0,0,0,0,0,0,0,0,0
0,0,0,0,0,0,0,0,0,0,0,0,0,0,0,0,0,0,0,0,0,0,0,0,0,0,0,0,0,0,0,0,0,0,0,0,0,0,0,0,0,0,0,0,0,0,0,0,0,0,0,0,0,0,0,0,0,0,0,0,0,0,0,0,0,0,0,0
0,0,0,0,0,0,0,0,0,0,0,0,0,0,0,0,0,0,0,0,0,0,0,0,0,0,0,0,0,0,0,0,0,0,0,0,0,0,0,0,0,0,0,0,0,0,0,0,0,0,0,0,0,0,0,0,0,0,0,0,0,0,0,0,0,0,0,0
0,0,0,0,0,0,0,0,0,0,0,0,0,0,0,0,0,0,0,0,0,0,0,0,0,0,0,0,0,0,0,0,0,0,0,0,0,0,0,0,0,0,0,0,0,0,0,0,0,0,0,0,0,0,0,0,0,0,0,0,0,0,0,0,0,0,0,0
0,0,0,0,0,0,0,0,0,0,0,0,0,0,0,0,0,0,0,0,0,0,0,0,0,0,0,0,0,0,0,0,0,0,0,0,0,0,0,0,0,0,0,0,0,0,0,0,0,0,0,0,0,0,0,0,0,0,0,0,0,0,0,0,0,0,0,0
0,0,0,0,0,0,0,0,0,0,0,0,0,0,0,0,0,0,0,0,0,0,0,0,0,0,0,0,0,0,0,0,0,0,0,0,0,0,0,0,0,0,0,0,0,0,0,0,0,0,0,0,0,0,0,0,0,0,0,0,0,0,0,0,0,0,0,0
0,0,0,0,0,0,0,0,0,0,0,0,0,0,0,0,0,0,0,0,0,0,0,0,0,0,0,0,0,0,0,0,0,0,0,0,0,0,0,0,0,0,0,0,0,0,0,0,0,0,0,0,0,0,0,0,0,0,0,0,0,0,0,0,0,0,0,0
0,0,0,0,0,0,0,0,0,0,0,0,0,0,0,0,0,0,0,0,0,0,0,0,0,0,0,0,0,0,0,0,0,0,0,0,0,0,0,0,0,0,0,0,0,0,0,0,0,0,0,0,0,0,0,0,0,0,0,0,0,0,0,0,0,0,0,0
3.54E-05,7.04E-05,3.45E-05,6.82E-05,0.00020157,0.00016326,0,9.23E-05,0.00012337,0.00021062,0.00029479,0.00017323,0.00025345,0.00027476,0.00028786,0.00028618,0.00045553,0.00032255,0.00041843,0.00034119,0.00021873,0.00018987,0.00023974,0.00036206,0.00041246,0.00021721,0.0003165,0.00022099,0.00041356,0.0002005,0.000478,0.0002536,0.00020563,0.0001827,0.00026157,0.00023122,0.00031568,0.00031462,0.00039576,0.0003147,0.00031463,0.00039121,0.00035915,5.23E-05,0.00033829,0.00023214,7.82E-05,0.0003109,0.00020684,0.00020456,0.00015692,0.00023509,0.00015814,0.00010529,0.00023891,0.00026659,0.00023893,0.00013547,0.00024439,0.00024734,0.00021917,0.00016608,0.00019453,0.00019184,0.00019584,0.00011214,0.00025568,8.51E-05
0.00032563,0.00014457,0.00042264,0.00065676,0.00064872,0.00063893,0.00058838,0.0008729,0.0011925,0.0010192,0.001838,0.0010331,0.0017642,0.0018621,0.0019443,0.0020304,0.0019028,0.0019017,0.0019635,0.0020467,0.0016599,0.0015043,0.0014049,0.0019206,0.0015712,0.0019193,0.0014982,0.0014383,0.0015681,0.0012913,0.0011794,0.0010327,0.001371,0.0013898,0.0009145,0.00097614,0.0012844,0.0013429,0.0012338,0.0011359,0.001024,0.00097106,0.00094789,0.0014136,0.0013082,0.0013547,0.0011875,0.0010964,0.0011669,0.001041,0.0010175,0.00078526,0.00088885,0.0011079,0.0010274,0.0010895,0.0010736,0.0008666,0.00075919,0.00086952,0.0013755,0.0011791,0.00096965,0.00084584,0.00097859,0.00086788,0.00098194,0.0010235
0.00077905,0.0011446,0.0013749,0.0016229,0.0020782,0.0020189,0.0029327,0.0031186,0.0042708,0.0040304,0.0041836,0.0047171,0.0052455,0.0058392,0.0061726,0.0065535,0.0062565,0.0065742,0.0060655,0.0059681,0.0062192,0.0053154,0.0048612,0.0057653,0.0046514,0.0046102,0.0045368,0.0045834,0.0046333,0.0044165,0.004859,0.0042793,0.0044235,0.0039222,0.0039234,0.0037013,0.0043338,0.0039712,0.0040155,0.004293,0.0034701,0.003133,0.0037437,0.0037959,0.0037558,0.0034908,0.0039979,0.0038574,0.0029315,0.0036231,0.0034771,0.0034522,0.0029118,0.0037742,0.0032271,0.002984,0.0033977,0.0035321,0.003013,0.0028254,0.0028591,0.0032258,0.0031061,0.0033235,0.003316,0.0029423,0.0030301,0.00312
0.0019292,0.0028049,0.0027784,0.0030132,0.0044278,0.0057421,0.0064998,0.0066875,0.0080087,0.0088621,0.010314,0.011819,0.012604,0.013271,0.015189,0.015827,0.014857,0.014782,0.014359,0.015941,0.013032,0.012678,0.012905,0.011242,0.012214,0.010824,0.010969,0.010821,0.010732,0.0095984,0.010773,0.0092988,0.009236,0.0087094,0.0092681,0.008445,0.0087624,0.0085181,0.0086094,0.0084585,0.0079279,0.008264,0.0092097,0.0080031,0.0082484,0.0081409,0.0070504,0.0065482,0.00719,0.0074381,0.0072487,0.0075443,0.0071035,0.0076007,0.0071698,0.0068087,0.0074574,0.0068052,0.0072659,0.0077818,0.0067465,0.0066527,0.0065703,0.0074581,0.006507,0.0064152,0.0071825,0.0063167
0.0036115,0.0034446,0.0037313,0.004354,0.005948,0.007382,0.0081054,0.0096371,0.011053,0.013045,0.013655,0.018525,0.018726,0.020053,0.021379,0.021461,0.022151,0.022619,0.021875,0.02085,0.021974,0.020188,0.017603,0.017653,0.016052,0.017204,0.015833,0.015779,0.015229,0.014521,0.01436,0.014301,0.013494,0.013103,0.013503,0.014256,0.012878,0.012603,0.012416,0.011711,0.0129,0.011963,0.012172,0.01153,0.012032,0.011723,0.012239,0.01268,0.01225,0.01051,0.011006,0.010948,0.010604,0.009588,0.010474,0.010357,0.0096676,0.0098697,0.0099505,0.010385,0.0086529,0.010063,0.0089727,0.0098505,0.0093458,0.0086746,0.010435,0.0098652
0.0030959,0.0043815,0.0039299,0.0063592,0.0062619,0.0074351,0.0091796,0.011245,0.012369,0.016674,0.017678,0.01839,0.022085,0.023088,0.025247,0.026347,0.026711,0.026827,0.026687,0.02738,0.026153,0.024869,0.023234,0.020961,0.021112,0.019166,0.019355,0.018944,0.01884,0.017818,0.017656,0.015619,0.017214,0.015523,0.015478,0.01508,0.015301,0.01436,0.014451,0.015208,0.01515,0.014568,0.015342,0.013739,0.013353,0.01373,0.013236,0.013472,0.01297,0.014037,0.013898,0.013308,0.013754,0.011725,0.014124,0.01193,0.011926,0.011681,0.012241,0.011771,0.012103,0.011625,0.011436,0.01083,0.011968,0.011593,0.0097931,0.011637
0.0026786,0.0036645,0.0047675,0.0051299,0.0072609,0.0087489,0.0090358,0.010434,0.013311,0.016253,0.017333,0.019588,0.019591,0.024419,0.02588,0.026528,0.027706,0.028093,0.02518,0.025754,0.025804,0.025653,0.023663,0.023142,0.021216,0.020629,0.019932,0.019247,0.019159,0.018492,0.01758,0.017973,0.018432,0.016521,0.016743,0.016292,0.016126,0.015942,0.015492,0.015852,0.016373,0.014386,0.013862,0.013944,0.015458,0.014672,0.014332,0.015333,0.013207,0.013855,0.012827,0.014076,0.014173,0.012894,0.014064,0.013787,0.011725,0.012456,0.011974,0.011437,0.012086,0.012578,0.012826,0.011807,0.012106,0.01121,0.012315,0.012219
0.0033929,0.0037562,0.0048062,0.0066732,0.0085296,0.0088155,0.011374,0.012741,0.014694,0.017477,0.017863,0.022235,0.022755,0.027588,0.027228,0.028236,0.031128,0.029872,0.030618,0.030342,0.028224,0.027086,0.027038,0.026343,0.023631,0.021602,0.022171,0.020989,0.020679,0.021032,0.019824,0.019769,0.01889,0.019053,0.01911,0.019268,0.017692,0.017759,0.01779,0.01838,0.017627,0.018087,0.017701,0.016933,0.018972,0.015779,0.017933,0.016886,0.015591,0.015595,0.016352,0.015331,0.015013,0.016311,0.015145,0.015849,0.015231,0.012945,0.015705,0.014314,0.014245,0.014253,0.013434,0.014534,0.013423,0.013468,0.013285,0.013447
0.0041313,0.0051114,0.0059069,0.0065129,0.0071822,0.0094574,0.011456,0.012456,0.016388,0.017535,0.020067,0.022414,0.027339,0.029171,0.029864,0.032218,0.032528,0.031783,0.03245,0.032306,0.030428,0.030681,0.030757,0.027722,0.027416,0.025879,0.02495,0.02509,0.023639,0.02362,0.022719,0.022568,0.02204,0.02107,0.021302,0.021001,0.019801,0.02152,0.020131,0.020601,0.019169,0.01981,0.021763,0.017772,0.017677,0.018555,0.019176,0.01876,0.020064,0.017389,0.017518,0.016254,0.018227,0.016088,0.016543,0.0158,0.016568,0.016637,0.015958,0.016182,0.01621,0.016213,0.015438,0.014935,0.015344,0.015373,0.016088,0.015768
0.0038529,0.0042807,0.0064017,0.0074173,0.007791,0.009872,0.011516,0.012548,0.016971,0.018433,0.02161,0.021647,0.025766,0.026585,0.030754,0.033409,0.033323,0.033194,0.033788,0.034591,0.033165,0.031488,0.032326,0.027882,0.028558,0.026625,0.027692,0.026313,0.024275,0.024646,0.023172,0.022271,0.02152,0.023462,0.022566,0.021624,0.022337,0.021085,0.02099,0.021667,0.022066,0.019401,0.020767,0.020369,0.02043,0.020126,0.018837,0.020148,0.01939,0.019225,0.017803,0.017996,0.016958,0.018437,0.017287,0.017909,0.016591,0.017458,0.016613,0.017466,0.016894,0.016876,0.016035,0.016059,0.016209,0.015719,0.017444,0.016453
0.005023,0.0062421,0.006047,0.0067589,0.0086137,0.0095405,0.012569,0.014777,0.017404,0.021322,0.021865,0.024898,0.028755,0.029572,0.032551,0.034986,0.035062,0.036836,0.036882,0.036655,0.034718,0.033219,0.036499,0.031618,0.03088,0.031036,0.031902,0.028785,0.028431,0.027664,0.026563,0.026391,0.025692,0.023537,0.024733,0.022939,0.023174,0.024119,0.024987,0.022714,0.023516,0.023449,0.022652,0.022167,0.021578,0.020853,0.02093,0.022499,0.021473,0.021292,0.020463,0.020181,0.02046,0.019433,0.019973,0.019348,0.01846,0.017746,0.018935,0.019147,0.018971,0.018898,0.018502,0.01726,0.018716,0.01789,0.017458,0.019317
0.003879,0.0054298,0.0061473,0.0077183,0.0087737,0.0099377,0.01317,0.014542,0.016849,0.019604,0.020431,0.024821,0.029445,0.028874,0.033139,0.034444,0.036171,0.037193,0.036575,0.039131,0.036656,0.035679,0.035218,0.036153,0.030784,0.030796,0.029767,0.029164,0.026414,0.027828,0.02614,0.025991,0.027302,0.025855,0.025196,0.025513,0.025328,0.024388,0.023621,0.024515,0.022092,0.024898,0.023109,0.022149,0.023117,0.021129,0.020459,0.022613,0.021578,0.021307,0.020922,0.020865,0.021273,0.020483,0.020389,0.020009,0.018077,0.019493,0.019622,0.019714,0.019334,0.019023,0.01818,0.018554,0.019107,0.018368,0.018172,0.017974
0.0045853,0.0049094,0.0052569,0.0066506,0.0093011,0.010175,0.012204,0.014808,0.015036,0.018596,0.021039,0.023658,0.024525,0.030606,0.029962,0.033652,0.035862,0.035281,0.035697,0.036192,0.033994,0.037228,0.033212,0.035001,0.033593,0.032801,0.03,0.028185,0.028444,0.028376,0.028017,0.026146,0.025406,0.025519,0.024574,0.022915,0.023885,0.022555,0.02502,0.023293,0.022619,0.022726,0.023141,0.023894,0.021975,0.022428,0.022994,0.023755,0.021253,0.021732,0.021413,0.019927,0.020076,0.020372,0.018755,0.021008,0.021413,0.020119,0.01837,0.019169,0.018662,0.017923,0.017631,0.01813,0.019347,0.017929,0.018062,0.018182
0.0036299,0.0045432,0.0053324,0.0066208,0.0084773,0.0096832,0.012079,0.012016,0.016287,0.020026,0.021329,0.022849,0.027821,0.029998,0.031521,0.03143,0.034857,0.035482,0.037188,0.036661,0.032864,0.035603,0.032692,0.033246,0.033108,0.031594,0.031201,0.029251,0.029001,0.02826,0.027887,0.026631,0.02662,0.026149,0.02583,0.024596,0.024658,0.025379,0.023821,0.024587,0.02428,0.023184,0.022853,0.02293,0.022924,0.022283,0.022068,0.022594,0.021135,0.0232,0.020503,0.021589,0.021581,0.022299,0.019446,0.021691,0.019845,0.022369,0.020528,0.020356,0.01879,0.018887,0.017307,0.019556,0.020128,0.019205,0.019144,0.019244
0.0027524,0.0036116,0.0039744,0.0063759,0.0069103,0.010721,0.010983,0.013659,0.015535,0.017438,0.01892,0.022135,0.026538,0.029077,0.029817,0.032304,0.032882,0.033779,0.033994,0.037359,0.036364,0.033954,0.033128,0.032977,0.034701,0.031112,0.031554,0.031307,0.030619,0.029724,0.026317,0.026799,0.026543,0.026439,0.026242,0.02464,0.026487,0.024831,0.02615,0.023916,0.023877,0.023754,0.023443,0.022507,0.023362,0.022686,0.020967,0.021342,0.023241,0.021599,0.019227,0.020687,0.021368,0.021783,0.023365,0.021779,0.02108,0.019347,0.019571,0.02031,0.018966,0.020923,0.018683,0.020686,0.019309,0.018386,0.018904,0.018101
0.0029431,0.0050099,0.0040871,0.0055379,0.0071054,0.0079443,0.010753,0.011165,0.013266,0.016521,0.018586,0.019413,0.022981,0.026258,0.027702,0.029187,0.029629,0.031529,0.031794,0.033652,0.034757,0.0319,0.031934,0.030524,0.03246,0.028944,0.031864,0.028918,0.029449,0.027324,0.028163,0.026651,0.024489,0.024217,0.02569,0.024281,0.023195,0.024958,0.023956,0.024935,0.022535,0.021823,0.021987,0.020294,0.022541,0.02112,0.022901,0.02052,0.021941,0.022001,0.021355,0.02074,0.020381,0.020519,0.018591,0.020678,0.019622,0.021155,0.020526,0.019001,0.019829,0.019299,0.019271,0.019612,0.018952,0.018336,0.018359,0.018932
0.0035757,0.0037859,0.0038844,0.0055825,0.0056388,0.0080239,0.0095168,0.011815,0.013276,0.017356,0.015804,0.018038,0.021873,0.02658,0.026932,0.029053,0.029773,0.03163,0.032532,0.032562,0.030917,0.032166,0.030517,0.033799,0.032489,0.033127,0.030161,0.028745,0.02995,0.028353,0.02847,0.027796,0.027155,0.02496,0.024358,0.024619,0.024108,0.024081,0.023711,0.022445,0.022882,0.023226,0.022348,0.022877,0.022442,0.02158,0.02124,0.022714,0.021919,0.022557,0.022718,0.021657,0.02037,0.020944,0.019911,0.020142,0.021139,0.019302,0.019719,0.02019,0.019225,0.019381,0.020441,0.018168,0.019424,0.018238,0.019165,0.019145
0.0029116,0.0030665,0.0044069,0.0043208,0.0059135,0.0070367,0.0086888,0.0094621,0.012261,0.013848,0.016107,0.01783,0.019711,0.023176,0.024812,0.02723,0.029406,0.029003,0.029967,0.030966,0.030154,0.029586,0.029437,0.030457,0.029907,0.030097,0.02995,0.028138,0.029384,0.025205,0.026061,0.025848,0.025862,0.024397,0.022175,0.024162,0.023698,0.022365,0.021861,0.022294,0.021535,0.023069,0.020925,0.021952,0.020924,0.021278,0.022714,0.022399,0.019791,0.02198,0.019654,0.020334,0.020039,0.020709,0.018661,0.01872,0.020735,0.018548,0.017482,0.019231,0.017803,0.017218,0.017215,0.018366,0.018004,0.017598,0.01872,0.016083
0.0028165,0.0037763,0.0034493,0.0043769,0.0060056,0.0065442,0.0077864,0.0085071,0.011173,0.012293,0.01408,0.015679,0.019772,0.019844,0.021275,0.025226,0.026975,0.026019,0.029148,0.028738,0.029157,0.030878,0.0288,0.027615,0.027534,0.030258,0.027573,0.030855,0.026541,0.025442,0.027047,0.025114,0.02388,0.024142,0.023436,0.02239,0.021306,0.021463,0.022655,0.021676,0.022517,0.021892,0.02184,0.020015,0.020614,0.019428,0.020509,0.020407,0.018944,0.019137,0.019604,0.019213,0.020124,0.019431,0.017227,0.018896,0.01836,0.018134,0.018245,0.017894,0.017718,0.017654,0.017267,0.017127,0.018499,0.016209,0.016624,0.017221
0.0024459,0.0025716,0.0031254,0.0029812,0.0047726,0.0066578,0.0075993,0.009912,0.010487,0.012651,0.014038,0.014841,0.017967,0.020539,0.022854,0.020765,0.02452,0.026941,0.02573,0.025403,0.028203,0.029589,0.028948,0.02746,0.028549,0.027937,0.02958,0.027948,0.027461,0.028208,0.025888,0.023702,0.025732,0.025263,0.023792,0.02337,0.021746,0.021447,0.022403,0.022092,0.021129,0.019577,0.020189,0.02262,0.018346,0.020868,0.020504,0.02172,0.020432,0.019884,0.017662,0.019509,0.01891,0.019997,0.018871,0.019407,0.018612,0.017198,0.017626,0.01677,0.01641,0.017932,0.016317,0.015547,0.017433,0.01882,0.01832,0.017347
0.0014689,0.0028279,0.0033419,0.0040691,0.0050208,0.0058493,0.0057632,0.0078764,0.0084964,0.0097472,0.0098261,0.013107,0.015073,0.015765,0.019406,0.019172,0.020348,0.022069,0.024684,0.026551,0.02375,0.027271,0.022955,0.026433,0.025427,0.026212,0.025037,0.02649,0.025892,0.025446,0.02277,0.023295,0.023175,0.024052,0.022398,0.02319,0.021832,0.021559,0.02154,0.021404,0.020053,0.019097,0.019911,0.018373,0.019116,0.018842,0.018059,0.018562,0.018497,0.018089,0.01788,0.017419,0.016512,0.016801,0.018401,0.01644,0.016686,0.017807,0.015877,0.017967,0.017605,0.015481,0.016186,0.016298,0.017345,0.01598,0.015551,0.016287
0.0016739,0.0029448,0.0031051,0.0034262,0.0034136,0.0041978,0.0057144,0.0064222,0.0078763,0.010827,0.010725,0.01243,0.012313,0.015606,0.016359,0.019412,0.021421,0.021285,0.024953,0.020483,0.023113,0.022972,0.023637,0.024109,0.025397,0.024609,0.02483,0.024269,0.02461,0.023946,0.024866,0.023848,0.024202,0.022366,0.023847,0.023755,0.019858,0.022193,0.02119,0.021122,0.020083,0.020023,0.020221,0.019554,0.017707,0.017159,0.018235,0.016755,0.017674,0.017443,0.018005,0.018251,0.017691,0.017551,0.017109,0.017561,0.017037,0.017816,0.016847,0.017267,0.017171,0.017514,0.01668,0.016296,0.014828,0.015382,0.016182,0.014935
0.0019775,0.0025059,0.0019077,0.0020162,0.003191,0.0051306,0.0049127,0.0062018,0.0069154,0.0076075,0.0098454,0.010201,0.01294,0.014609,0.016417,0.017146,0.019848,0.019806,0.020631,0.021714,0.020837,0.020981,0.022776,0.022383,0.021791,0.022159,0.022479,0.022949,0.023137,0.022667,0.024614,0.023859,0.022175,0.022547,0.020604,0.021913,0.02012,0.019487,0.018466,0.020767,0.019137,0.01967,0.018021,0.018519,0.017137,0.016903,0.018189,0.017013,0.017634,0.016707,0.018218,0.018816,0.016082,0.017107,0.017897,0.018076,0.016509,0.016601,0.01809,0.016445,0.015536,0.016992,0.014736,0.015735,0.016239,0.016728,0.014857,0.013838
0.0015567,0.00216,0.0021216,0.0029758,0.0031394,0.0037894,0.0038478,0.0059053,0.0061282,0.0074184,0.0081205,0.0097968,0.012719,0.012842,0.014693,0.014434,0.01624,0.017577,0.016831,0.019675,0.018291,0.020298,0.019092,0.019222,0.020981,0.02181,0.022534,0.021644,0.022048,0.022315,0.021821,0.022031,0.021884,0.020797,0.020358,0.019669,0.020142,0.019575,0.019028,0.019004,0.018803,0.020857,0.017162,0.019275,0.016714,0.017865,0.016996,0.018374,0.015934,0.017064,0.016818,0.016023,0.017095,0.016454,0.015746,0.014612,0.015559,0.015401,0.015861,0.015545,0.015316,0.014893,0.015245,0.01554,0.014817,0.014457,0.015029,0.014181
0.0013926,0.0020815,0.0013579,0.0025326,0.0023946,0.0032908,0.003362,0.0054298,0.0048088,0.0070767,0.0078174,0.010374,0.010486,0.01116,0.012436,0.014345,0.01651,0.016645,0.017388,0.020009,0.01991,0.017558,0.020398,0.022311,0.019743,0.020163,0.022282,0.021488,0.020267,0.019411,0.021183,0.020581,0.019706,0.0195,0.020547,0.019791,0.019744,0.01987,0.018275,0.018526,0.019038,0.018642,0.018427,0.018188,0.018289,0.017448,0.016316,0.017433,0.015807,0.014657,0.016346,0.015822,0.015219,0.015225,0.016636,0.015268,0.014577,0.01623,0.014822,0.015292,0.015701,0.015289,0.014347,0.013634,0.015383,0.013452,0.014502,0.013099
0.0016342,0.0014982,0.0013971,0.0022521,0.0024804,0.0032145,0.0031809,0.0047317,0.0042346,0.0065171,0.0059415,0.0085376,0.009711,0.009713,0.012631,0.012177,0.012375,0.015369,0.016098,0.017318,0.016888,0.015943,0.016484,0.019269,0.018917,0.019662,0.020467,0.019334,0.01886,0.020518,0.021441,0.018695,0.02001,0.017371,0.017812,0.016009,0.020742,0.016721,0.020195,0.01807,0.017809,0.018626,0.015957,0.015812,0.016719,0.015222,0.015978,0.015892,0.015228,0.016819,0.014834,0.012929,0.01384,0.013356,0.014405,0.014626,0.013001,0.014407,0.013709,0.015698,0.014945,0.013915,0.01367,0.012501,0.013344,0.013413,0.013311,0.013097
0.0011618,0.00087342,0.0016498,0.0016864,0.002264,0.002496,0.0030353,0.0047197,0.0043993,0.0051758,0.006258,0.0065801,0.0075521,0.0087739,0.0099134,0.010159,0.012108,0.012974,0.012987,0.016719,0.015769,0.015907,0.015647,0.017075,0.016697,0.018388,0.019432,0.017985,0.016962,0.019661,0.020938,0.019312,0.018656,0.019262,0.019314,0.019277,0.018317,0.017046,0.017344,0.017007,0.016024,0.017088,0.016742,0.015885,0.015624,0.014829,0.015492,0.015389,0.01535,0.014235,0.015481,0.013928,0.015515,0.014436,0.015003,0.015706,0.013537,0.014658,0.013525,0.01326,0.013951,0.011937,0.012842,0.013007,0.013219,0.01219,0.012174,0.012014
0.0018538,0.0010416,0.00087812,0.0018035,0.0024024,0.0022084,0.0027153,0.0030684,0.0039735,0.0049706,0.0054263,0.0061967,0.0064534,0.007118,0.0099772,0.010253,0.011787,0.010769,0.012626,0.015306,0.014846,0.014658,0.015194,0.015963,0.014875,0.017571,0.017209,0.015849,0.017702,0.017395,0.019789,0.017219,0.017915,0.018602,0.017282,0.017762,0.01901,0.01932,0.01615,0.016317,0.017348,0.015327,0.016354,0.016472,0.0133,0.0155,0.013862,0.013644,0.014072,0.01385,0.014835,0.012389,0.013053,0.011997,0.013259,0.013568,0.014122,0.014178,0.013349,0.012769,0.013588,0.012792,0.013037,0.013332,0.01152,0.012374,0.01207,0.01098
0.00076664,0.00091219,0.0011224,0.0012497,0.0015238,0.0018491,0.0020845,0.0030182,0.0039048,0.0046231,0.0044822,0.0059449,0.005931,0.0078459,0.0065594,0.0085611,0.01041,0.009014,0.011342,0.010352,0.011504,0.013229,0.014796,0.016057,0.014919,0.01599,0.014736,0.01526,0.015751,0.016453,0.016713,0.017727,0.01546,0.015322,0.018537,0.016841,0.016407,0.014918,0.016452,0.016107,0.014693,0.017594,0.016051,0.014571,0.016581,0.014086,0.012583,0.014972,0.014483,0.013648,0.012864,0.012633,0.012909,0.013134,0.011383,0.011775,0.0129,0.012673,0.012031,0.012027,0.012144,0.010525,0.011969,0.011386,0.012252,0.011933,0.010425,0.011943
0.00078809,0.00086416,0.00084086,0.0012795,0.0010348,0.0020441,0.0028652,0.0026105,0.0022044,0.0034538,0.0043239,0.0050666,0.0043436,0.0072631,0.0073357,0.0090954,0.0092871,0.0091204,0.009492,0.01216,0.010782,0.012309,0.013239,0.013316,0.014228,0.013413,0.012509,0.014803,0.014607,0.017263,0.014224,0.015824,0.014425,0.015978,0.016467,0.015566,0.018002,0.016058,0.015584,0.015009,0.015792,0.014677,0.016248,0.0147,0.015157,0.014316,0.013896,0.01331,0.013054,0.014324,0.012242,0.012543,0.011925,0.011464,0.013083,0.012909,0.01126,0.011041,0.011741,0.012506,0.011906,0.012794,0.011066,0.012044,0.011721,0.012039,0.011016,0.010996
0.00039981,0.0016163,0.0012653,0.001153,0.0015157,0.0011908,0.0013973,0.0025475,0.0024699,0.0034742,0.0036238,0.0040167,0.0047756,0.0052683,0.0062181,0.0064179,0.008077,0.0084979,0.0094556,0.0096384,0.0095149,0.011849,0.012283,0.012154,0.011569,0.012408,0.012204,0.013318,0.012883,0.013401,0.014635,0.01526,0.012678,0.013495,0.014084,0.012954,0.013322,0.013038,0.014252,0.012071,0.013744,0.014704,0.013361,0.013417,0.012082,0.012816,0.012373,0.011898,0.012245,0.012024,0.011741,0.012656,0.012301,0.012488,0.01015,0.011485,0.011043,0.010892,0.010979,0.012082,0.011431,0.010717,0.0091232,0.010438,0.010352,0.010562,0.010491,0.0088461
0.00065962,0.0011481,0.00040663,0.00095483,0.0013923,0.0015255,0.0021758,0.0014532,0.0028339,0.0027746,0.0032969,0.0036608,0.0035654,0.0044151,0.0050238,0.0057303,0.0073259,0.0078556,0.0085617,0.0093884,0.009223,0.0096221,0.010726,0.009903,0.012432,0.011375,0.011566,0.011881,0.012116,0.012126,0.011693,0.014199,0.013293,0.010441,0.01316,0.012143,0.013936,0.0144,0.012423,0.012987,0.014251,0.01393,0.01254,0.014025,0.012699,0.014707,0.011404,0.013037,0.013231,0.012113,0.01048,0.011831,0.010622,0.01098,0.010868,0.0097629,0.011012,0.011599,0.010166,0.011044,0.0097378,0.0097331,0.010863,0.0099757,0.0092978,0.010309,0.010528,0.010359
0.00075765,0.00050743,0.00057812,0.00098265,0.0014422,0.0010909,0.0019207,0.0014835,0.0019399,0.002783,0.0023694,0.0033291,0.0037019,0.0048117,0.0056086,0.0048383,0.0060057,0.0067357,0.007554,0.0074404,0.0096009,0.0088327,0.009971,0.011384,0.0095591,0.010494,0.012361,0.012635,0.012804,0.012553,0.01359,0.013672,0.012879,0.012812,0.012551,0.01271,0.01538,0.013155,0.014893,0.011913,0.012724,0.01125,0.011476,0.011498,0.010368,0.012375,0.013706,0.0091075,0.011781,0.011568,0.010923,0.010249,0.011206,0.01082,0.012273,0.010844,0.011524,0.0098877,0.010709,0.011407,0.011153,0.010084,0.0095943,0.0094794,0.0090376,0.010281,0.008431,0.0088976
0.00060384,0.00095029,0.00042558,0.0012474,0.0011543,0.0010503,0.0011783,0.0015968,0.0016768,0.0026339,0.0028066,0.0029691,0.0036501,0.0040319,0.0048435,0.0045844,0.0051102,0.0058029,0.0075325,0.0079443,0.0076158,0.0087344,0.0086357,0.008494,0.010054,0.010285,0.010475,0.010603,0.011767,0.011432,0.010571,0.013347,0.011922,0.013414,0.013705,0.011552,0.01357,0.01142,0.013409,0.012602,0.012642,0.013794,0.013003,0.011959,0.010221,0.0090611,0.010674,0.012015,0.010738,0.011311,0.010339,0.011041,0.011076,0.010185,0.011554,0.011047,0.009862,0.010143,0.0096661,0.010864,0.010495,0.010131,0.0094484,0.0092207,0.0082843,0.0093267,0.0094058,0.0081632
0.00089538,0.00053167,0.00060913,0.00094368,0.00067042,0.0014125,0.001955,0.0017101,0.002033,0.0020783,0.0028873,0.0028344,0.0035111,0.0036865,0.0047895,0.0046335,0.005574,0.0059606,0.006025,0.0067836,0.0077161,0.007587,0.0079033,0.0074311,0.0093897,0.0093125,0.010389,0.011395,0.0097709,0.0098453,0.010648,0.011099,0.012797,0.011559,0.012333,0.013187,0.012204,0.011244,0.013224,0.012675,0.012833,0.012044,0.012342,0.010763,0.012637,0.010027,0.011974,0.011467,0.010619,0.010697,0.011054,0.011108,0.010651,0.010262,0.01072,0.0085902,0.0094331,0.0099109,0.0098191,0.009254,0.01011,0.0083585,0.010085,0.0089375,0.0079518,0.0080556,0.0082504,0.0086837
0.00045902,0.00045988,0.00080432,0.00043879,0.00095187,0.0005915,0.0015091,0.0016944,0.002,0.0018959,0.0016328,0.0020698,0.0025609,0.0031779,0.0037303,0.0045754,0.003888,0.0050761,0.0053353,0.0050257,0.006154,0.0062601,0.0066138,0.0075183,0.0070958,0.0082316,0.0073197,0.0092172,0.0094918,0.0094891,0.0092253,0.010254,0.01066,0.010527,0.0098952,0.0094411,0.010262,0.010967,0.011444,0.010593,0.010746,0.010474,0.010685,0.010423,0.010931,0.010471,0.010175,0.0095507,0.0099938,0.0086246,0.010081,0.010513,0.0093862,0.0089131,0.010205,0.0096562,0.0093354,0.0088893,0.0084629,0.0085847,0.0084636,0.0074397,0.0084073,0.0085269,0.0076865,0.0081807,0.0074978,0.0072783
0.00018919,0.00037766,0.00037131,0.0002706,0.00053126,0.00078508,0.0011939,0.0011624,0.0023257,0.0020209,0.0020743,0.0022771,0.0023218,0.0025109,0.0030049,0.0038453,0.0041831,0.0034188,0.0050723,0.0053374,0.0058229,0.0060469,0.0072021,0.006782,0.0067566,0.0085605,0.008044,0.0067731,0.0079742,0.0085074,0.0079391,0.010166,0.010204,0.0085866,0.0085276,0.010381,0.010466,0.0088798,0.011458,0.0093624,0.0098207,0.01006,0.0081586,0.0090622,0.010896,0.0091836,0.0090678,0.0090769,0.0101,0.0096873,0.0084259,0.0092486,0.0082141,0.010258,0.0080005,0.0086353,0.0080419,0.0072526,0.0081895,0.0070207,0.0077904,0.0073189,0.0072464,0.0068451,0.0083717,0.0072607,0.0065879,0.0068312
0.000591,0.0007787,0.00047638,0.00028088,0.00054659,0.00062541,0.0011454,0.00059143,0.0009398,0.0011743,0.0024511,0.002257,0.0019054,0.0025807,0.0022626,0.0029462,0.0039681,0.0034111,0.0039196,0.0046227,0.0060844,0.0061565,0.0060292,0.0055153,0.0062998,0.0064089,0.0081508,0.0088032,0.0074612,0.0088048,0.0084309,0.0089248,0.0071282,0.0077122,0.0091681,0.0070137,0.0077618,0.0087681,0.0081657,0.0071389,0.0090968,0.010385,0.0091677,0.0082063,0.008029,0.0099908,0.0073788,0.008413,0.0083729,0.010326,0.0084469,0.0088534,0.007543,0.0094501,0.0073447,0.0075869,0.0078876,0.007195,0.0083341,0.0071904,0.0072438,0.0081679,0.0070267,0.0067806,0.0073899,0.006582,0.0072485,0.007039
0.00050662,0.00040571,0.00019676,0.00048149,0.00037784,0.00027593,0.00063157,0.0012228,0.0017413,0.0010357,0.0015267,0.0025599,0.0023643,0.0021689,0.00225,0.0020969,0.0032111,0.0028084,0.0033853,0.0035921,0.0042319,0.0038351,0.0056094,0.0043792,0.0054439,0.0059425,0.0059766,0.0060889,0.0076001,0.006964,0.0066223,0.0063972,0.00833,0.0081169,0.0081995,0.006506,0.0068584,0.006461,0.0077178,0.0081323,0.0071684,0.0084194,0.0085133,0.0086896,0.0087293,0.0073567,0.0074182,0.0072516,0.0078773,0.0078565,0.0070514,0.0076419,0.0068534,0.0064461,0.0060867,0.0062388,0.0057667,0.0076193,0.0066254,0.005842,0.0063459,0.0060298,0.0061734,0.0056694,0.0058925,0.0063739,0.0063683,0.0070431
0.00020428,0.0010438,0.0005128,0.00059616,0.0008758,0.00057242,0.00055757,0.00035788,0.0011711,0.0014071,0.0013966,0.0016296,0.0020907,0.0018157,0.0029536,0.002798,0.002516,0.0032563,0.0033112,0.0037499,0.0033322,0.0039096,0.0043388,0.0043969,0.003982,0.0066045,0.0051827,0.0052212,0.0051294,0.0059,0.0054669,0.0067837,0.007011,0.0067577,0.0059936,0.0075709,0.007253,0.0065653,0.0072623,0.0075979,0.00665,0.0082446,0.0081452,0.0064181,0.0077589,0.0066045,0.0077863,0.0069744,0.0071231,0.0074729,0.0068188,0.0066614,0.0052044,0.0060621,0.0066428,0.0070277,0.0064602,0.0061546,0.0064673,0.0063471,0.0064107,0.0059202,0.0059002,0.0064151,0.0056445,0.0059073,0.0058669,0.0047877
0.00043219,0.00021042,0.00063405,0.00062282,0.00050302,0.00059093,0.00048273,0.00073836,0.00027681,0.00091169,0.00098002,0.0014137,0.00060737,0.0013542,0.0014745,0.0019782,0.0020263,0.0024737,0.002673,0.0034405,0.0033285,0.0035432,0.0036538,0.0049374,0.0043869,0.0042,0.0043694,0.0047899,0.0057957,0.0039366,0.0055708,0.0055474,0.0055829,0.0047373,0.0067066,0.0055931,0.0062152,0.0065195,0.0053915,0.0056167,0.0063349,0.0059292,0.0074097,0.0070183,0.0058384,0.0066371,0.0057073,0.0062647,0.0069902,0.0062505,0.0058443,0.0055951,0.0056154,0.0053346,0.0047272,0.0042756,0.0048628,0.0052155,0.0048153,0.005755,0.0053355,0.0046933,0.0055388,0.0045112,0.004674,0.0040603,0.0048585,0.0045205
0.00022115,0.00022323,0.0005325,0.00010693,0.00042066,0.0004073,0.00019946,0.00057483,0.00095386,0.00084132,0.00083026,0.0017156,0.0010735,0.0015819,0.0016805,0.0014393,0.0020057,0.0018079,0.0021865,0.0025525,0.0032519,0.0022858,0.0038278,0.0039441,0.0036026,0.0027333,0.0030001,0.0039616,0.0046162,0.0051421,0.0045635,0.0044798,0.0059479,0.0051493,0.0049529,0.0049558,0.0047056,0.0065469,0.0061492,0.0055521,0.0070891,0.0050232,0.0061424,0.0061854,0.0059453,0.0061709,0.00673,0.0042895,0.0057641,0.0049751,0.0047964,0.0053107,0.0051505,0.004976,0.0056052,0.0045227,0.0055724,0.0043641,0.005104,0.0048168,0.0057156,0.0049189,0.005207,0.0034134,0.0039516,0.00437,0.0041045,0.0041255
0.00045783,0.00022863,0.00011302,0.00032387,0.00054224,0.00021328,0.00072225,0.00039654,0.0006925,0.00067749,0.0009476,0.0010286,0.0010986,0.0012699,0.00096095,0.0015628,0.0013747,0.00093245,0.0020021,0.0027123,0.0018613,0.0018166,0.002937,0.0032404,0.0032855,0.003419,0.0026971,0.0032853,0.0027605,0.0048574,0.0045105,0.0044621,0.004808,0.0046953,0.0052334,0.0054698,0.0047374,0.0045391,0.0048986,0.0060031,0.0047344,0.0061226,0.0047475,0.0050076,0.0059372,0.0050086,0.0049773,0.0057151,0.0045037,0.0040859,0.0041553,0.0044582,0.005148,0.0044718,0.0043892,0.0048415,0.0044884,0.0047454,0.0046546,0.0052743,0.0045976,0.0040546,0.0036519,0.0034741,0.0040748,0.0041407,0.0037565,0.0038471
0.00023361,0.00035543,0.00058042,0.00022939,0.00032871,0.00032974,0.00021676,0.00041064,0.00030733,0.00030144,0.00078526,0.00076952,0.00056974,0.00037124,0.00054115,0.001356,0.0012345,0.0020063,0.0021534,0.0014423,0.0022554,0.002176,0.0023707,0.0027313,0.0019736,0.0026829,0.0024219,0.0028146,0.003274,0.0046583,0.002995,0.0040174,0.0041965,0.0041806,0.0029879,0.0041693,0.0036444,0.0044105,0.003967,0.0039283,0.0043316,0.0051291,0.0035387,0.0035526,0.0044806,0.0034759,0.0045585,0.0033938,0.0038897,0.0037271,0.0046336,0.0037957,0.0041921,0.0048208,0.0042267,0.0038576,0.0041868,0.0028413,0.0041679,0.0043457,0.0043659,0.0033599,0.0025672,0.0033076,0.0039456,0.00288,0.0029724,0.0036409
0.00024216,0.00036323,0.00012047,0,0.0006994,0.00022287,0.00044697,0.00021602,0.0004251,0.00041622,0.00091974,0.00049804,0.00087899,0.0013509,0.0012944,0.00046723,0.001747,0.0015243,0.0015097,0.0015755,0.0012071,0.0016649,0.0020023,0.0021602,0.0026085,0.0028404,0.0024813,0.0022952,0.0019208,0.0031389,0.0025746,0.0030442,0.0034298,0.0032395,0.0030055,0.0039405,0.0030045,0.0039331,0.0039181,0.0036247,0.0039059,0.0033331,0.0040369,0.0034005,0.0033468,0.0054056,0.0034359,0.0034857,0.0035296,0.0026612,0.0029919,0.0036735,0.002921,0.0028565,0.003073,0.0038172,0.0033214,0.0040325,0.0030727,0.0030019,0.0030504,0.0033121,0.0037395,0.0026001,0.0027064,0.0026584,0.0032217,0.0025967
0.00012816,0.00025046,0.00012304,0.00061348,0.00023979,0.00035649,0.0001133,0,0.00022385,0,0.00084637,0.00010417,0.00091197,0.0006956,0.00067348,0.0011508,0.00057082,0.0011244,0.0010951,0.0015371,0.001782,0.002065,0.0018972,0.0022066,0.0021993,0.0014535,0.0026363,0.0023582,0.0022871,0.0021535,0.0019292,0.0026155,0.0030112,0.0022395,0.002254,0.0032611,0.0021625,0.003358,0.0039933,0.002922,0.0039296,0.0039705,0.0025882,0.0036621,0.0037953,0.0034841,0.0036594,0.002877,0.0029178,0.0031613,0.0031875,0.0040717,0.0028591,0.0035503,0.0023977,0.0030328,0.0020449,0.0029061,0.0036539,0.0027743,0.0034897,0.0026549,0.0024099,0.0031481,0.0026793,0.0026809,0.0020436,0.0022051
0.00026922,0.00026567,0.0003822,0.00037625,0.00025008,0.00012225,0.00036362,0.00045324,0.00023095,0.00068569,0.00033055,0.00032315,0.000425,0.00051672,0.00069477,0.00039964,0.00039112,0.00067834,0.0015283,0.0010228,0.0013809,0.0017815,0.00089234,0.0019337,0.0020763,0.0013797,0.0015672,0.002252,0.0011781,0.0016099,0.0026956,0.0029874,0.0028357,0.0026386,0.0021902,0.0027726,0.0021043,0.0017744,0.0040463,0.0037352,0.0028047,0.0022462,0.0027206,0.002592,0.0020737,0.0028008,0.0019447,0.0024722,0.0030976,0.0034346,0.0023614,0.0021521,0.0030743,0.0027211,0.0027411,0.0021762,0.0034078,0.0026588,0.0027924,0.0018145,0.0025345,0.0030738,0.0024367,0.0027431,0.0027838,0.0023145,0.0024916,0.0029368
0.0004134,0,0.00013536,0.00038939,0.00025552,0.00012745,0.00012466,0.00012122,0.00023557,0.00035381,0.00081677,0.00022478,0.00055047,0.0012979,0.0008278,0.00061849,0.00071291,0.0003989,0.00088913,0.0010724,0.0017083,0.0016581,0.0015751,0.0012731,0.0017915,0.0017665,0.0018458,0.0015945,0.0020781,0.0020072,0.002242,0.0018864,0.0017366,0.0012238,0.0023375,0.0013456,0.0013489,0.0031609,0.0026636,0.0020949,0.0023113,0.0027665,0.0028201,0.0022194,0.0020357,0.0032485,0.0018678,0.0021505,0.0027761,0.0022038,0.0022765,0.0022103,0.0026356,0.0015142,0.0025825,0.0019117,0.00291,0.0033578,0.0023778,0.0024448,0.0019847,0.0022187,0.0020527,0.0024824,0.0022889,0.0021714,0.0020015,0.0024657
0,0.0002871,0.0001429,0.00041419,0,0,0.00025976,0.00025018,0.00012597,0,0.00036224,0.00011918,0.00034416,0.0003369,0.00054246,0.00043225,0.00042149,0.00020782,0.00071222,0.0012139,0.00079637,0.0006656,0.00057463,0.00084995,0.0010208,0.0013721,0.0016242,0.0014316,0.0014158,0.0015294,0.00097744,0.0019332,0.0025349,0.0014131,0.00071072,0.0015533,0.0017421,0.0025641,0.002368,0.0019188,0.0022901,0.0023483,0.0022551,0.0022281,0.0031183,0.0032743,0.0023205,0.0023445,0.0024568,0.0023198,0.0020052,0.0024951,0.0031799,0.0028567,0.001987,0.001987,0.0015566,0.0019772,0.0017433,0.0024891,0.0025561,0.0017105,0.0024576,0.0022354,0.0019836,0.0021951,0.0016634,0.0017927
0,0.00015298,0.00029389,0.00029243,0,0.00054319,0,0,0.00026085,0.00038687,0,0.00024682,0.00048743,0.00023493,0.00033797,0.00011314,0.00055322,0.001077,0.00095841,0.00083383,0.00062121,0.00059775,0.00089018,0.001759,0.00086799,0.0014206,0.0014935,0.0011967,0.00098579,0.0019334,0.0015586,0.0019046,0.0017038,0.001693,0.0018,0.0012417,0.0017905,0.0015979,0.0014902,0.0013491,0.0024832,0.0020811,0.0017591,0.0023352,0.002698,0.0017619,0.0026294,0.0013604,0.0021989,0.0013608,0.0024009,0.002039,0.001972,0.0025646,0.0017776,0.0023829,0.0019766,0.0012528,0.0027897,0.0024408,0.0012208,0.0025093,0.0019603,0.0016039,0.0023084,0.0016211,0.0016051,0.0022238
0.0001585,0,0,0,0.00044885,0.00014459,0,0.00013398,0.00013626,0,0.00013218,0.00025136,0.00012657,0.00024981,0.00023604,0.00023518,0.00034784,0.00034025,0.00044173,0.00087432,0.00053401,0.0010382,0.00083039,0.00070872,0.00079986,0.00039435,0.0011632,0.0010492,0.00073871,0.0014015,0.0013153,0.0012175,0.0012052,0.0011902,0.00090599,0.0012609,0.0011056,0.0017351,0.00099616,0.0015182,0.0012764,0.0015353,0.001413,0.0012155,0.0014945,0.0013285,0.0019732,0.0014254,0.0020292,0.0011882,0.00084624,0.0013145,0.0016955,0.0012389,0.0010622,0.0018035,0.0013682,0.0011151,0.00099831,0.0012376,0.0011954,0.001072,0.0010345,0.0015739,0.0012968,0.00096349,0.0013139,0.0012511
0.00016583,0.00016546,0,0,0.00015406,0,0,0,0.0001402,0,0,0.00013563,0.00012891,0,0.00025187,0.00012358,0.00012049,0.00023826,0.00011669,0.00034,0.0001123,0.00021458,0.00043387,0.00053203,0.00051917,0.00040896,0.00060435,0.00069486,0.00038211,0.00038517,0.00076415,0.00095915,0.00095732,0.00066167,0.00065228,0.00072674,0.0017803,0.0010337,0.00093116,0.0020315,0.00067683,0.00050074,0.0009022,0.00060335,0.0015896,0.0011628,0.0008099,0.0010041,0.0013621,0.00055297,0.0010418,0.00085962,0.0006678,0.00086072,0.00087111,0.00098087,0.00094606,0.00084986,0.0011302,0.00045982,0.0012582,0.0006064,0.0001672,0.00087042,0.00062019,0.0010231,0.00076792,0.0012654
0,0,0.00017012,0,0,0,0,0,0.00014626,0.00014429,0.0002871,0,0,0.00013276,0,0,0,0.00024804,0.00012255,0.00012002,0,0,0.00011199,0.00022236,0.0002181,0.00063864,0.00052357,0.00020649,9.99E-05,0.00049899,0.00029595,0.00068377,0.00068683,0.00068655,0.00028941,0.00074776,0.00056803,0.0010527,0.00067249,0.00028576,0.00066014,0.00078893,0.00040103,0.0012171,0.0010552,0.0011712,0.00054623,0.0010084,0.00074419,0.00072539,0.0010533,0.0010607,0.00087302,0.0003878,0.0008744,0.00068876,0.00039157,0.00078418,0.00076762,0.00067075,0.00074704,0.00091335,0.00079146,0.00024967,0.00065483,0.0007881,0.00044532,0.0006383
0,0,0,0,0.00016959,0,0,0.00015924,0.00015702,0.00015078,0,0,0,0,0.00013432,0,0,0.00013095,0.00012779,0.00012636,0.00012347,0,0,0.00034577,0.00022857,0.0003359,0,0.00010755,0.00020813,0,0.00020463,0.00020193,0.0002001,0.00020096,0.00010034,0.00048328,0.00087866,0.000679,0.00068543,0.00068878,0.00019479,0.00086606,0.00049399,0.00073116,0.00038223,0.00044843,0.00036797,0.00055759,0.00074877,0.0010248,0.00056573,0.00058582,0.00078778,0.00049472,0.00049426,0.0006928,0.00059054,0.00081272,0.00019938,0.00038995,0.00038959,0.00066548,0.00064961,0.00035086,0.00051678,0.00041552,0.00032053,0.00037714
0.00019676,0,0,0,0,0,0.00017467,0,0,0,0.00031163,0,0,0,0,0,0,0,0,0,0.00026034,0,0,0.00049028,0.00011905,0.00047059,0,0.00011289,0.00032628,0.00054472,0.00010733,0.00021008,0.00051808,0.00030768,0.00030931,0.00030289,0.00010103,0.00040101,0.00069507,0.00050107,0.00050338,9.97E-05,0.00038589,0.00030952,0.00021332,0.00019507,0.00045747,0.00046976,0.00037924,0.0009361,0.00029094,0.00048084,0.00059857,0.00050307,0.00090737,0.00050319,0.00039609,0.00040921,0.00020674,0.00050714,0.00059541,0.00029765,0.00077444,0.00027773,0.00072743,0.00052527,0.00033797,0.00016307
0,0,0,0,0.00019168,0,0,0,0,0,0.00033566,0.00016167,0,0,0.00015272,0.00015454,0.0001468,0,0.00014507,0.00013924,0.00013623,0.00026409,0,0,0,0.00012309,0,0.00035788,0.00022906,0.00034236,0.00022413,0.00044181,0.000108,0.00010661,0.00042147,0.00020765,0.00021108,0.00020746,0.00020588,0.00040687,0.00051385,0.00031011,0.00020042,0.0002011,0.00021152,0.0004373,0.00019967,0.00037435,0.00038455,0.0005719,0.00039065,0.00039698,0.00029518,0.0003064,0.00030842,0.00030862,0.00020142,0.0003085,0.00031285,0.00010516,0.00031016,0.00010106,0.00030322,0.00019382,0.00028827,0.00083299,0.00044557,0.00034386
0,0,0,0,0,0,0.00019418,0,0,0,0.00018024,0,0.00016787,0,0,0,0,0,0,0.00015061,0.00028924,0,0,0.00013632,0,0.00065339,0.00012734,0.00025014,0.00036291,0.00024084,0.00023522,0.00023117,0,0.00022246,0.00054859,0,0.00043548,0.00021656,0.00010677,0.00031706,0.00010438,0.00031713,0.00052076,0.00094334,0.0003093,0.00032562,0.00033624,0.0005117,0.00028795,0.00038696,0.00039786,0.00040103,0.00010143,0.00060422,0.00031317,0.00052517,0.00030959,0.00041879,0.00021013,0.00042611,0.00010725,0.00052675,0.00041212,0.00030351,0.00050365,0.00049016,0.00028308,9.08E-05
0,0,0,0,0,0,0,0,0,0,0.00018703,0.00018772,0,0,0.00016735,0,0,0,0.000159,0.00015907,0,0,0.00014654,0.0001448,0,0.0001367,0.00013517,0.00013195,0.00025501,0.00012752,0,0.00036503,0.00023974,0,0.00011498,0.00033366,0.00011193,0.00044898,0.00033523,0.00033132,0.00010906,0.00032263,0.0002142,0.00010936,0.00021583,0.00063722,0.00033491,0.00057583,0.00031629,0,0.00030454,0.00010202,0.00030903,0.00031259,0.00010349,0.00053584,0.00021129,0,0.00021481,0.00032341,0.00076316,0.00021982,0.00064793,0.00031082,0.00031749,0.00082632,0.00030158,9.65E-05
0,0,0,0,0,0.00022922,0,0.00021007,0,0,0.00020319,0,0,0.00018924,0,0,0.00017838,0,0,0,0.00016617,0.00015997,0,0,0.00015095,0.00029413,0,0.00028088,0.00026905,0.00013543,0,0.00012899,0.00012657,0,0.00048769,0,0.00023531,0.00011584,0.00046415,0.0004637,0,0.0002251,0.00032685,0.00011303,0.00045341,0.0002234,0.00032917,0.00034596,0.00047689,0.00032032,0.0003063,0.00083911,0.00010523,0.00021229,0.00010721,0.00021365,0.00010833,0,0.00044367,0.00055268,0.00066634,0.00044877,0,0.00021782,0.00010856,0,0.00053201,0.00041327
0,0,0,0,0,0,0,0.00022456,0,0.00022019,0,0,0,0,0.0001943,0.00018997,0.00018596,0,0.00036616,0,0.00017341,0.00017069,0,0.00016373,0.0001591,0.00047285,0.00015289,0,0.00028728,0.00014286,0.00028195,0.00013801,0.00026797,0.0001316,0.00026013,0,0.00012409,0.00048841,0.00060146,0.0003626,0.00048199,0.00071154,0.00022875,0.00057682,0.00046979,0.0002351,0,0.00011344,0.00083487,0.00048388,0.00033807,0.00042256,0.00032523,0.00065204,0.00021964,0.00011058,0.00043341,0.00022748,0.00034438,0.00045786,0.00022803,0.00034399,0.00011585,0.0005739,0.00045806,0.0004477,0.00044863,0.00032899
0,0,0,0,0,0,0,0,0,0.00023635,0.00046287,0,0,0,0,0.00020715,0.00039961,0,0.00019743,0,0.00019072,0.00017812,0.00018256,0.00017842,0.00034265,0.0003338,0,0.00047882,0.00060586,0.00030595,0.00044709,0,0.00028948,0.00027896,0.00013742,0.00053228,0.00013217,0.00012929,0.00025456,0.00050067,0,0.00037643,0.00012094,0.00060687,0.00048004,0.00012209,0.00036632,0.00035977,0.00058896,0.00060677,0.00064031,0.00058435,0.00054903,0.00022481,0.00033772,0.00045528,0.00011249,0.00034369,0.00035237,0.00047473,0.00011849,0.00047167,0.00059341,0.00023458,0.00036278,0.00059255,0,0.00034745
0.00031101,0,0,0,0,0,0,0,0,0,0,0,0.00023747,0,0,0,0,0.00042076,0.00020606,0,0.00040821,0,0,0.00019204,0,0.00018054,0.0003505,0,0,0.0003237,0.00032135,0,0.00015344,0,0.00014619,0.00042337,0.00014141,0.0001382,0.00013517,0,0.00026097,0.00065896,0.00025715,0.0001287,0.00050596,0.00037523,0.00012732,0.00050863,0.00012487,0.00048164,0.00038816,0.00026671,0,0.00034215,0.0003502,0.00011706,0.00011589,0.00035704,0.00023779,0.00036493,0.00049205,0.00061338,0.00024456,0.00036277,0.00012379,0.0005009,0.00085962,0.00024042
0,0,0,0,0,0,0,0,0.00028598,0,0,0,0,0,0,0,0,0,0,0.00021774,0,0,0.00021254,0,0.00020241,0,0.00038079,0,0.00017926,0.00035199,0,0.00016919,0.00032895,0.00032367,0.00015919,0,0.00015113,0.00029734,0.00014542,0.00042611,0.00013959,0.00041107,0.00027118,0.00027515,0.00040561,0.00052856,0.00065598,0.00026796,0.00026703,0,0,0.00013519,0.00014012,0.00051116,0.00011952,0.00048934,0.0001203,0.00037205,0.00024933,0.00012432,0.0001272,0.00038632,0.00012832,0.00012555,0.00012885,0.00025904,0.00065284,0.0001279
0.0003734,0,0,0,0,0,0,0,0,0.00030336,0,0.00028382,0,0,0,0,0,0,0,0,0,0,0,0.00022586,0,0,0.00020936,0.00020204,0.00038566,0,0.00055891,0.00036203,0,0,0.00017129,0.00033183,0.00048869,0.00048035,0.00015749,0.00015403,0.00030113,0.00014766,0.00042607,0.00029206,0.00058265,0.00057112,0.00027866,0.00027776,0.00014175,0.00041614,0.00055205,0.00013587,0.00042834,0.00059301,0,0.0006313,0.00025407,0.00038855,0.00052301,0,0.00026228,0.00013371,0.00040755,0.00039812,0.00040505,0.00013586,0.00040961,0.00013731
0,0,0,0,0,0,0,0,0,0,0,0,0,0,0,0.00028277,0,0.00027153,0,0.00026093,0.00025225,0,0.00024949,0,0,0.00045825,0.00045564,0,0,0.00063048,0.00041697,0,0.0001914,0.00038285,0.00055623,0,0,0.00017327,0.00034067,0.00016714,0.00098057,0.00031966,0.00046204,0.00030736,0.00030954,0.00046467,0.0001519,0.00029686,0,0.00088456,0.00075107,0.00043771,0.00014339,0.00030213,0.0001572,0.00028691,0.00013127,0.00027429,0.00027478,0,0.0006981,0.00041512,0.00028335,0.00028231,0.00057375,0.00028582,0.00043144,0.00028919
0,0,0,0,0.00040486,0,0,0.00037285,0,0,0,0,0.0003435,0,0.00031647,0.00031178,0,0,0,0,0.00028013,0,0,0,0.00026261,0.00025944,0,0.00024331,0.00046643,0.00023071,0.00044998,0.00022308,0,0.00061261,0,0.00019524,0.00019474,0,0.00018546,0,0.00017772,0.00017408,0.0003341,0.00033539,0.00065587,0.00049455,0.00016554,0.00048625,0.0003164,0.00030718,0.00016044,0.00080126,0.00046507,0.00045901,0.00032309,0.00050311,0.00044976,0.00028493,0.0002918,0.0011701,0.00058714,0.00029668,0.0001468,0.0010343,0.00015327,0.00015258,0.00015184,0.00045808
0,0,0,0,0,0,0,0,0.00040915,0,0,0,0.00037465,0,0,0,0.00033712,0,0,0,0.00031205,0,0,0.00028176,0.00057033,0,0,0,0.00076881,0.00051065,0.00024777,0,0,0.00045871,0.00066101,0,0.00021345,0.00020843,0,0.00059964,0,0.00019024,0.00036597,0.00054698,0.00071914,0.00052787,0.00088239,0,0,0.00049943,0.0005028,0.00068764,0,0.00016632,0.00065735,0.00034633,0.00017613,0.00048971,0.00045818,0.00015651,0.00015625,0.00031388,0.00047459,0.00030793,0.00032182,0,0.00032636,0.00032409
0,0,0,0,0,0,0,0,0,0,0,0,0.00041225,0,0,0,0.00075811,0,0.00035399,0.00035172,0,0.00033237,0,0.00031689,0,0.00030784,0,0,0.00027913,0.00028286,0,0.00053403,0.00026095,0.00025619,0.00049498,0.00023322,0,0,0.00022607,0.00044886,0.00043154,0,0.0012054,0,0.00019734,0.00038836,0.00038178,0.00057208,0.00096147,0.00018439,0.00018288,0.00036106,0.00055647,0,0.00053916,0.0005328,0,0.00038543,0.0001759,0.00065848,0.00050547,0.00050564,0.00067476,0.00066995,0.00067599,0,0.00035324,0.00035014
0,0,0.00058869,0,0,0,0,0,0.0004942,0,0,0,0,0,0.00043589,0,0,0,0.00039889,0.00038775,0.00038341,0,0,0.000354,0.00034454,0,0.00033486,0,0,0,0.00030669,0.0003004,0.00058141,0.00028405,0,0.00026526,0.00051671,0.00052033,0,0.00073691,0.00073401,0,0.0002231,0.00044465,0,0.00064298,0.00021136,0.00062213,0,0.00061511,0.00061429,0.00059548,0.00097936,0.00040477,0.00059781,0.00058455,0.00075633,0,0.00020765,0.00037988,0.00017874,0,0.00054761,0.00017819,0.00055316,0.00036495,0.00018728,0.00038147
0,0.0006469,0,0,0,0,0,0,0,0.00054229,0,0,0,0,0,0.00048953,0,0,0.00045233,0.00043658,0,0,0.00040338,0,0,0,0,0.00036911,0,0.00071792,0.00034105,0,0,0.00031709,0.00031219,0,0,0.00056534,0.00086387,0.0013768,0,0.00026713,0.00025264,0,0,0,0.00046913,0,0.00045272,0,0.000228,0.00067356,0.0002163,0.00042835,0.00066261,0.00043654,0.00041946,0.00021009,0.0006642,0.00022695,0.00041354,0.00038896,0.00039726,0,0.00039643,0,0.00019891,0.00020442
0,0,0,0,0,0,0,0,0,0,0,0,0,0,0.00055169,0,0,0,0,0.00049589,0,0,0.00046138,0.00044375,0,0,0,0,0.00040226,0,0.00039725,0,0.00036955,0,0,0,0.00034043,0.00066112,0,0,0.00030272,0.00029618,0,0.00085041,0.00054685,0.00026815,0.00026679,0,0.00075922,0.00024385,0.00024797,0,0,0.00071046,0.00023592,0,0.00071018,0,0.00069069,0.00048493,0.00025051,0.0002277,0,0,0.00021867,0.00021773,0.00044054,0.00043575
0,0,0,0,0,0,0,0,0,0,0,0,0,0,0,0,0,0,0,0,0,0.00052919,0,0,0.00049186,0,0,0.00046381,0.00043817,0,0,0,0.00041877,0,0,0,0,0,0.00036783,0,0.00070448,0.00033723,0.00064416,0.00032596,0.00031454,0.0003037,0.00029856,0,0,0.00027589,0.00027499,0.00027439,0.00055723,0.00027367,0,0.00026189,0.00026548,0.00026612,0.00025996,0.0005078,0,0.00055459,0.00075583,0.00046226,0,0.00024356,0,0.00048955
0,0,0,0,0,0,0,0,0,0,0,0.00078082,0.00075878,0,0,0,0,0.0013709,0,0,0,0,0,0,0,0,0,0,0,0,0,0,0.00049333,0.00046852,0,0,0,0,0.00085626,0.00041313,0.00038585,0.00079412,0.00037001,0,0.00072909,0.00035151,0.00034075,0.001009,0.00033527,0,0.00031621,0.0012384,0,0.00031359,0.00030862,0,0.00028629,0,0.00029628,0.00029051,0,0.00030213,0.00092576,0.00083098,0,0.00080703,0,0
0,0,0,0,0,0,0,0,0,0,0,0,0,0,0,0,0.00081621,0,0.00078167,0,0.00078655,0,0,0,0,0.00066272,0,0.00064201,0,0.00058899,0,0.0011687,0,0,0.00053214,0.0010328,0.0010211,0,0.00048634,0,0,0,0,0.00042781,0.00084481,0.00041283,0,0,0,0.00037251,0.00036288,0,0.00069931,0,0,0.00070194,0.00032852,0,0,0.00033598,0.00032842,0,0,0,0.00063284,0.00029703,0.00060673,0.00030482
0,0,0,0,0,0,0,0,0,0,0,0,0,0.0010378,0,0,0,0,0,0,0,0,0,0,0,0.0007908,0,0.00072335,0,0.00068863,0,0,0.00067144,0,0.00064109,0.00060425,0.00060164,0.0011839,0.00056275,0.00055678,0.00055589,0,0.00097765,0,0.0014777,0.00096916,0.00047657,0.00045917,0,0,0,0.00041653,0,0,0,0.00040992,0.00039343,0,0.00075479,0.00078158,0.00038525,0.00037389,0.0010922,0.0003803,0,0.00036059,0,0
0,0,0,0,0,0,0,0,0,0,0,0,0,0,0,0,0,0,0,0,0,0,0,0,0,0,0,0,0,0,0,0,0,0,0.00075867,0,0.00072229,0,0,0,0,0.0012805,0.0024532,0,0.00060815,0.00057233,0.0011226,0,0,0,0.00051443,0.00050435,0.00096334,0,0.00091643,0.00093014,0.00093547,0.00046286,0,0,0.00045726,0,0.00087091,0,0.00089683,0.00046033,0.0012579,0.00039746
0,0,0,0,0,0,0,0,0,0,0,0.0015448,0,0,0,0,0,0,0,0,0,0,0.0012339,0,0,0,0,0,0,0,0,0,0.00090452,0,0,0,0,0.0016987,0,0.00080319,0.00076489,0.0015297,0.00073137,0,0,0,0,0,0,0.00061851,0.0012324,0.00060215,0,0.00056766,0.00055412,0,0,0.00055686,0,0,0.00051861,0,0.00051875,0.00049693,0.00049177,0,0.00054113,0
0,0,0,0,0,0,0,0,0,0,0,0,0,0,0,0,0,0,0,0.0016148,0,0,0,0,0,0,0.0013928,0,0,0.0012091,0,0,0,0.0010854,0,0,0.0010567,0.0010373,0,0.0019329,0,0.00092961,0.0027018,0,0,0,0.00083293,0.00081307,0.00079076,0,0.0015201,0,0,0,0,0,0,0,0.00065984,0,0,0,0,0.0012197,0,0,0,0.00064536
0,0,0,0,0,0,0,0,0,0,0,0,0,0,0,0,0,0,0.0040418,0,0,0,0,0,0,0,0,0,0,0.002822,0,0,0,0,0,0,0,0,0,0,0,0,0,0,0,0,0,0,0,0,0,0.0016823,0,0,0,0.001467,0,0,0,0.0014315,0,0,0,0.0027346,0.0013663,0.0013377,0,0
0,0,0,0,0,0,0,0,0,0,0,0,0,0,0,0,0,0,0,0,0,0,0,0,0,0,0,0,0,0,0,0,0,0,0,0,0,0,0,0,0,0,0,0,0,0,0,0,0,0,0,0,0,0,0,0,0,0,0,0,0,0,0,0,0,0,0,0
0,0,0,0,0,0,0,0,0,0,0,0,0,0,0,0,0,0,0,0,0,0,0,0,0,0,0,0,0,0,0,0,0,0,0,0,0,0,0,0,0,0,0,0,0,0,0,0,0,0,0,0,0,0,0,0,0,0,0,0,0,0,0,0,0,0,0,0
0,0,0,0,0,0,0,0,0,0,0,0,0,0,0,0,0,0,0,0,0,0,0,0,0,0,0,0,0,0,0,0,0,0,0,0,0,0,0,0,0,0,0,0,0,0,0,0,0,0,0,0,0,0,0,0,0,0,0,0,0,0,0,0,0,0,0,0
0,0,0,0,0,0,0,0,0,0,0,0,0,0,0,0,0,0,0,0,0,0,0,0,0,0,0,0,0,0,0,0,0,0,0,0,0,0,0,0,0,0,0,0,0,0,0,0,0,0,0,0,0,0,0,0,0,0,0,0,0,0,0,0,0,0,0,0
0,0,0,0,0,0,0,0,0,0,0,0,0,0,0,0,0,0,0,0,0,0,0,0,0,0,0,0,0,0,0,0,0,0,0,0,0,0,0,0,0,0,0,0,0,0,0,0,0,0,0,0,0,0,0,0,0,0,0,0,0,0,0,0,0,0,0,0
0,0,0,0,0,0,0,0,0,0,0,0,0,0,0,0,0,0,0,0,0,0,0,0,0,0,0,0,0,0,0,0,0,0,0,0,0,0,0,0,0,0,0,0,0,0,0,0,0,0,0,0,0,0,0,0,0,0,0,0,0,0,0,0,0,0,0,0
0,0,0,0,0,0,0,0,0,0,0,0,0,0,0,0,0,0,0,0,0,0,0,0,0,0,0,0,0,0,0,0,0,0,0,0,0,0,0,0,0,0,0,0,0,0,0,0,0,0,0,0,0,0,0,0,0,0,0,0,0,0,0,0,0,0,0,0
0,0,0,0,0,0,0,0,0,0,0,0,0,0,0,0,0,0,0,0,0,0,0,0,0,0,0,0,0,0,0,0,0,0,0,0,0,0,0,0,0,0,0,0,0,0,0,0,0,0,0,0,0,0,0,0,0,0,0,0,0,0,0,0,0,0,0,0
