91,66
0,1
1985,1
0.05777096,0.05678424,0.055821296,0.054948959,0.051310575,0.053485888,0.052657222,0.050978799,0.048750325,0.048485415,0.047619642,0.046729313,0.045856129,0.044921883,0.044171449,0.043408638,0.042632818,0.04158437,0.040563275,0.039568819,0.038600308,0.037657065,0.03673843,0.035843762,0.034972435,0.03412384,0.033297385,0.03249249,0.031708596,0.030945152,0.030201626,0.029477498,0.028772262,0.028085425,0.027416507,0.02676504,0.02613057,0.025512653,0.024910856,0.02432476,0.023753955,0.023198042,0.022656632,0.022129347,0.021615819,0.021115688,0.020628605,0.020154229,0.01969223,0.019242284,0.018804077,0.018377302,0.017961662,0.017556865,0.017162629,0.016778678,0.016404745,0.016040567,0.01568589,0.015340466,0.015004054,0.014676419,0.014357332,0.014046569,0.013743914,0.013449155
0.016228616,0.015873811,0.015461846,0.015110348,0.013986748,0.014450151,0.014077366,0.013513814,0.012789788,0.012590819,0.012279015,0.011950584,0.011659521,0.011282209,0.010946149,0.0106072,0.010265117,0.009976941,0.009697986,0.009427957,0.009166569,0.008913545,0.008668617,0.008431527,0.008202023,0.007979863,0.007764812,0.007556642,0.007355133,0.007160072,0.006971253,0.006788476,0.006611548,0.00644028,0.006274494,0.006114012,0.005958665,0.005808289,0.005662725,0.005521819,0.005385422,0.005253389,0.005125581,0.005001862,0.004882103,0.004766176,0.004653958,0.004545331,0.004440179,0.004338393,0.004239863,0.004144487,0.004052162,0.003962791,0.003876281,0.003792538,0.003711475,0.003633006,0.003557048,0.003483521,0.003412346,0.003343448,0.003276756,0.003212197,0.003149704,0.003089211
0.004925051,0.004810407,0.00470696,0.004597052,0.004265744,0.00440952,0.004291972,0.004114195,0.003898203,0.003830663,0.00373075,0.003642529,0.003554283,0.003471573,0.003348901,0.003250651,0.003151693,0.003053075,0.002957614,0.002865207,0.002775758,0.002689171,0.002605354,0.00252422,0.002445683,0.002369658,0.002296067,0.00222483,0.002155874,0.002089124,0.002024509,0.001961963,0.001901418,0.001842811,0.001786079,0.001731163,0.001678004,0.001626546,0.001576735,0.001528518,0.001481844,0.001436663,0.001392928,0.001350593,0.001309613,0.001269944,0.001231544,0.001194374,0.001158393,0.001123563,0.001089848,0.001057211,0.00102562,0.000995039,0.000965436,0.000936782,0.000909044,0.000882193,0.000856202,0.000831043,0.000806689,0.000783114,0.000760293,0.000738203,0.00071682,0.000696121
0.001958753,0.001904457,0.001858209,0.001820173,0.001688055,0.00174526,0.001700079,0.001627909,0.001540038,0.001514117,0.001471251,0.001433314,0.001400248,0.001366399,0.00133442,0.001289677,0.001256603,0.001218352,0.001181323,0.001145478,0.001110779,0.001077189,0.001044673,0.001013196,0.000982726,0.000953229,0.000924676,0.000897035,0.000870277,0.000844376,0.000819302,0.000795029,0.000771533,0.000748788,0.000726769,0.000705455,0.000684822,0.000664848,0.000645513,0.000626796,0.000608678,0.000591138,0.000574159,0.000557723,0.000541813,0.000526411,0.000511501,0.000497068,0.000483097,0.000469572,0.000456479,0.000443805,0.000431536,0.000419659,0.000408162,0.000397032,0.000386258,0.000375829,0.000365733,0.00035596,0.000346499,0.00033734,0.000328475,0.000319892,0.000311584,0.000303542
0.001062453,0.001030584,0.000999247,0.000974239,0.000905021,0.000931622,0.000907027,0.000868422,0.000819969,0.00080412,0.000781539,0.000759124,0.000739423,0.000721158,0.00070299,0.000684986,0.000661691,0.000642083,0.000623104,0.000604733,0.000586951,0.000569739,0.000553079,0.000536953,0.000521344,0.000506235,0.00049161,0.000477454,0.000463752,0.00045049,0.000437652,0.000425226,0.000413198,0.000401556,0.000390287,0.000379379,0.00036882,0.000358601,0.000348709,0.000339133,0.000329865,0.000320894,0.000312211,0.000303806,0.00029567,0.000287795,0.000280172,0.000272794,0.000265653,0.00025874,0.000252049,0.000245572,0.000239303,0.000233235,0.000227361,0.000221676,0.000216173,0.000210846,0.00020569,0.0002007,0.000195869,0.000191193,0.000186667,0.000182286,0.000178046,0.000173941
0.000918647,0.000893964,0.000867986,0.0008461,0.000787092,0.000814197,0.00079441,0.000763693,0.000723807,0.000710903,0.000692195,0.000674723,0.000657759,0.000642419,0.000628185,0.00061391,0.000599802,0.000582176,0.000565105,0.000548571,0.000532558,0.000517049,0.000502029,0.000487481,0.000473392,0.000459746,0.00044653,0.00043373,0.000421332,0.000409326,0.000397697,0.000386434,0.000375526,0.000364962,0.00035473,0.00034482,0.000335223,0.000325927,0.000316924,0.000308205,0.00029976,0.000291581,0.00028366,0.000275988,0.000268558,0.000261361,0.000254391,0.000247641,0.000241103,0.000234771,0.000228638,0.000222699,0.000216946,0.000211375,0.000205979,0.000200753,0.000195691,0.000190789,0.000186041,0.000181443,0.00017699,0.000172676,0.000168499,0.000164453,0.000160534,0.000156739
0.000875145,0.000856064,0.000833979,0.000814169,0.000758034,0.000784965,0.000770201,0.000742517,0.000707068,0.000697065,0.000679628,0.000663938,0.000649786,0.000635638,0.000622846,0.000609754,0.000596756,0.000579434,0.000562642,0.000546364,0.000530582,0.000515284,0.000500452,0.000486074,0.000472135,0.000458623,0.000445523,0.000432824,0.000420513,0.000408578,0.000397008,0.000385791,0.000374917,0.000364376,0.000354156,0.000344249,0.000334645,0.000325335,0.000316309,0.000307558,0.000299076,0.000290852,0.00028288,0.000275151,0.000267659,0.000260395,0.000253354,0.000246528,0.00023991,0.000233495,0.000227276,0.000221246,0.000215401,0.000209735,0.000204242,0.000198917,0.000193754,0.00018875,0.000183898,0.000179194,0.000174635,0.000170214,0.000165929,0.000161775,0.000157747,0.000153843
0.00074336,0.00073187,0.000717141,0.000702886,0.00065649,0.000679183,0.000667216,0.00064669,0.0006177,0.000611422,0.000598588,0.000585558,0.000574282,0.000563674,0.000553107,0.000542902,0.000532561,0.000516869,0.000501658,0.000486912,0.000472618,0.000458761,0.000445329,0.000432307,0.000419685,0.000407449,0.000395587,0.000384089,0.000372942,0.000362137,0.000351663,0.000341509,0.000331666,0.000322125,0.000312875,0.000303909,0.000295217,0.000286792,0.000278624,0.000270706,0.000263031,0.000255591,0.000248378,0.000241387,0.000234609,0.000228039,0.00022167,0.000215496,0.000209511,0.000203709,0.000198085,0.000192633,0.000187348,0.000182225,0.000177258,0.000172444,0.000167777,0.000163253,0.000158867,0.000154616,0.000150495,0.0001465,0.000142627,0.000138873,0.000135233,0.000131706
0.00064378,0.000636929,0.000628051,0.00061893,0.000580802,0.000601506,0.000591379,0.000574436,0.000551775,0.000547533,0.000538334,0.000528759,0.00051938,0.000510868,0.000502977,0.000494978,0.000487149,0.0004733,0.000459862,0.000446823,0.00043417,0.000421892,0.000409978,0.000398417,0.000387199,0.000376313,0.00036575,0.000355501,0.000345555,0.000335904,0.000326539,0.000317452,0.000308634,0.000300077,0.000291775,0.000283718,0.0002759,0.000268314,0.000260953,0.00025381,0.000246879,0.000240153,0.000233626,0.000227293,0.000221148,0.000215185,0.000209399,0.000203784,0.000198336,0.000193049,0.000187919,0.000182941,0.000178111,0.000173424,0.000168876,0.000164462,0.00016018,0.000156024,0.000151992,0.000148079,0.000144282,0.000140598,0.000137023,0.000133554,0.000130187,0.000126921
0.000478788,0.000475191,0.000471195,0.00046748,0.000441417,0.000458868,0.000452264,0.000439861,0.000423547,0.000422345,0.000416261,0.000410553,0.000404754,0.000398914,0.000393606,0.000388182,0.000382784,0.00037199,0.000361518,0.000351357,0.000341499,0.000331934,0.000322653,0.000313648,0.000304912,0.000296435,0.000288211,0.000280231,0.000272489,0.000264977,0.000257688,0.000250616,0.000243755,0.000237098,0.000230639,0.000224372,0.000218292,0.000212392,0.000206668,0.000201114,0.000195726,0.000190498,0.000185425,0.000180503,0.000175728,0.000171095,0.000166599,0.000162238,0.000158006,0.0001539,0.000149916,0.000146051,0.000142301,0.000138662,0.000135132,0.000131706,0.000128383,0.000125158,0.00012203,0.000118994,0.000116049,0.000113191,0.000110418,0.000107728,0.000105118,0.000102586
0.000449506,0.000447426,0.000445275,0.000444146,0.000422355,0.00044117,0.000436482,0.000425547,0.000410346,0.000409911,0.000405972,0.000401383,0.000397328,0.000392993,0.000388638,0.000384601,0.000380524,0.000372714,0.000365073,0.000357597,0.000350284,0.000343128,0.000336128,0.00032928,0.00032258,0.000316025,0.000309612,0.000303337,0.000297199,0.000291194,0.000285319,0.000279571,0.000273948,0.000268446,0.000263064,0.000257798,0.000252647,0.000247607,0.000242676,0.000237852,0.000233133,0.000228515,0.000223998,0.000219579,0.000215255,0.000211025,0.000206887,0.000202838,0.000198877,0.000195002,0.000191211,0.000187502,0.000183873,0.000180323,0.00017685,0.000173452,0.000170127,0.000166875,0.000163693,0.00016058,0.000157535,0.000154555,0.00015164,0.000148788,0.000145998,0.000143269
0.000469658,0.000469539,0.000469992,0.000471539,0.000452171,0.000475746,0.000474167,0.000465097,0.000450728,0.000451271,0.000448153,0.000445583,0.000442552,0.000439707,0.000436583,0.000433501,0.000430559,0.000421665,0.000412963,0.00040445,0.000396122,0.000387973,0.000380002,0.000372203,0.000364573,0.000357108,0.000349805,0.00034266,0.00033567,0.000328831,0.000322141,0.000315595,0.000309192,0.000302927,0.000296797,0.000290801,0.000284934,0.000279195,0.00027358,0.000268086,0.000262712,0.000257454,0.00025231,0.000247277,0.000242353,0.000237536,0.000232824,0.000228213,0.000223702,0.000219289,0.000214972,0.000210748,0.000206616,0.000202573,0.000198618,0.000194748,0.000190963,0.000187259,0.000183635,0.00018009,0.000176622,0.000173229,0.00016991,0.000166662,0.000163485,0.000160376
0.000533849,0.000535492,0.000538022,0.000541571,0.000521468,0.000551195,0.000552689,0.000544848,0.000529793,0.000531337,0.000528141,0.000526234,0.000525027,0.000523187,0.000521518,0.00051976,0.000518151,0.000507359,0.000496801,0.000486472,0.000476366,0.00046648,0.000456807,0.000447344,0.000438086,0.000429029,0.000420168,0.000411499,0.000403017,0.00039472,0.000386602,0.00037866,0.00037089,0.000363288,0.000355852,0.000348576,0.000341458,0.000334494,0.00032768,0.000321015,0.000314494,0.000308114,0.000301872,0.000295766,0.000289792,0.000283947,0.000278229,0.000272635,0.000267162,0.000261807,0.000256569,0.000251444,0.00024643,0.000241525,0.000236726,0.00023203,0.000227437,0.000222943,0.000218547,0.000214245,0.000210037,0.00020592,0.000201893,0.000197952,0.000194097,0.000190325
0.000612115,0.000620019,0.000603113,0.000607451,0.000590344,0.000621277,0.000638737,0.000646978,0.000646551,0.000673408,0.000684319,0.000699314,0.000716137,0.000738293,0.000702196,0.00066643,0.000630295,0.000617377,0.000604739,0.000592374,0.000580278,0.000568443,0.000556865,0.000545538,0.000534456,0.000523614,0.000513007,0.00050263,0.000492478,0.000482546,0.000472828,0.000463322,0.000454021,0.000444922,0.00043602,0.00042731,0.00041879,0.000410454,0.000402298,0.00039432,0.000386514,0.000378877,0.000371406,0.000364096,0.000356945,0.000349949,0.000343104,0.000336408,0.000329856,0.000323447,0.000317177,0.000311042,0.00030504,0.000299168,0.000293424,0.000287804,0.000282305,0.000276926,0.000271663,0.000266515,0.000261478,0.00025655,0.000251728,0.000247011,0.000242397,0.000237882
0.000685451,0.000703653,0.000644927,0.000647425,0.000636824,0.000660965,0.000704789,0.000741312,0.000769805,0.000844427,0.000881909,0.000929696,0.000978438,0.001041679,0.000939756,0.000837633,0.000735245,0.000720356,0.000705791,0.00069154,0.000677599,0.000663959,0.000650615,0.00063756,0.000624788,0.000612293,0.000600068,0.000588108,0.000576407,0.00056496,0.000553761,0.000542804,0.000532085,0.000521598,0.000511338,0.0005013,0.00049148,0.000481872,0.000472473,0.000463277,0.000454281,0.000445479,0.000436868,0.000428444,0.000420202,0.000412139,0.00040425,0.000396532,0.000388982,0.000381595,0.000374368,0.000367298,0.00036038,0.000353613,0.000346992,0.000340515,0.000334178,0.000327978,0.000321913,0.000315979,0.000310173,0.000304494,0.000298937,0.000293501,0.000288182,0.000282979
0.000820035,0.000835356,0.000851778,0.000869797,0.00085106,0.000910539,0.000928188,0.000934036,0.00092932,0.000952048,0.000964391,0.000976041,0.00099647,0.001139961,0.00125327,0.001245008,0.001236606,0.00121116,0.001186265,0.001161909,0.001138081,0.001114769,0.001091962,0.001069649,0.001047819,0.001026463,0.001005569,0.000985127,0.000965129,0.000945564,0.000926422,0.000907696,0.000889375,0.000871451,0.000853915,0.000836759,0.000819975,0.000803554,0.000787489,0.000771772,0.000756396,0.000741353,0.000726635,0.000712237,0.00069815,0.000684369,0.000670886,0.000657695,0.00064479,0.000632165,0.000619813,0.000607728,0.000595906,0.000584339,0.000573023,0.000561953,0.000551122,0.000540525,0.000530159,0.000520017,0.000510094,0.000500387,0.00049089,0.000481598,0.000472508,0.000463615
0.001001919,0.001018637,0.001037619,0.001058798,0.001035231,0.001105643,0.001125528,0.001130565,0.001123391,0.001150047,0.001164741,0.001178052,0.001212887,0.001427147,0.001589641,0.001564135,0.001540703,0.001508972,0.001477928,0.001447557,0.001417844,0.001388774,0.001360335,0.001332511,0.00130529,0.001278659,0.001252605,0.001227115,0.001202178,0.00117778,0.001153912,0.00113056,0.001107714,0.001085363,0.001063497,0.001042104,0.001021174,0.001000698,0.000980666,0.000961067,0.000941893,0.000923134,0.000904782,0.000886828,0.000869262,0.000852077,0.000835264,0.000818816,0.000802723,0.00078698,0.000771577,0.000756508,0.000741766,0.000727343,0.000713232,0.000699427,0.000685921,0.000672708,0.000659781,0.000647134,0.000634761,0.000622656,0.000610814,0.000599227,0.000587892,0.000576803
0.001193892,0.001210591,0.001230887,0.001255011,0.001227105,0.001308642,0.001330902,0.001335538,0.001325128,0.001354633,0.00137153,0.001387399,0.001445289,0.001727909,0.00193176,0.001880066,0.001833997,0.001797286,0.001761347,0.001726164,0.001691723,0.001658006,0.001624999,0.001592687,0.001561055,0.001530088,0.001499774,0.001470098,0.001441046,0.001412606,0.001384765,0.00135751,0.001330828,0.001304709,0.001279139,0.001254107,0.001229602,0.001205613,0.001182129,0.001159139,0.001136634,0.001114602,0.001093033,0.001071919,0.001051249,0.001031015,0.001011206,0.000991814,0.000972831,0.000954247,0.000936054,0.000918244,0.00090081,0.000883742,0.000867033,0.000850676,0.000834664,0.000818988,0.000803643,0.000788621,0.000773914,0.000759518,0.000745424,0.000731627,0.000718121,0.000704898
0.00139392,0.001410052,0.001429967,0.00145546,0.001423016,0.001516338,0.001541179,0.001545648,0.001532603,0.001564153,0.001581902,0.001600126,0.001691605,0.002026668,0.002254094,0.002165882,0.002090292,0.002049033,0.002008627,0.001969057,0.001930304,0.001892352,0.001855184,0.001818785,0.001783138,0.001748227,0.001714039,0.001680556,0.001647766,0.001615653,0.001584205,0.001553406,0.001523243,0.001493704,0.001464776,0.001436445,0.0014087,0.001381528,0.001354918,0.001328858,0.001303337,0.001278342,0.001253865,0.001229893,0.001206417,0.001183426,0.00116091,0.00113886,0.001117265,0.001096117,0.001075405,0.001055122,0.001035258,0.001015804,0.000996753,0.000978095,0.000959823,0.000941928,0.000924404,0.000907241,0.000890434,0.000873973,0.000857853,0.000842066,0.000826605,0.000811464
0.001595217,0.001611271,0.001630459,0.001655485,0.001617061,0.001721561,0.001750227,0.001755101,0.001740039,0.001774593,0.001792486,0.001811662,0.001946113,0.002306017,0.002531176,0.002396886,0.002285221,0.002240374,0.002196446,0.002153418,0.002111273,0.002069992,0.002029558,0.001989952,0.001951159,0.001913161,0.001875942,0.001839487,0.001803779,0.001768803,0.001734544,0.001700987,0.001668119,0.001635925,0.001604391,0.001573503,0.001543249,0.001513615,0.001484588,0.001456157,0.001428309,0.001401032,0.001374314,0.001348144,0.00132251,0.001297402,0.001272809,0.001248721,0.001225126,0.001202015,0.001179377,0.001157204,0.001135486,0.001114213,0.001093376,0.001072966,0.001052975,0.001033394,0.001014214,0.000995428,0.000977027,0.000959003,0.000941348,0.000924056,0.000907118,0.000890527
0.001790124,0.001807867,0.001827288,0.001851819,0.001805967,0.00191925,0.001951841,0.001959029,0.001943037,0.001981362,0.002000926,0.002020544,0.00220443,0.002554827,0.0027513,0.002561517,0.002409383,0.002362895,0.002317343,0.002272709,0.002228975,0.002186121,0.002144131,0.002102987,0.002062672,0.00202317,0.001984463,0.001946535,0.001909373,0.001872958,0.001837278,0.001802316,0.001768059,0.001734492,0.001701601,0.001669373,0.001637794,0.001606851,0.001576532,0.001546824,0.001517714,0.001489191,0.001461242,0.001433857,0.001407023,0.00138073,0.001354967,0.001329722,0.001304987,0.001280749,0.001257,0.00123373,0.001210928,0.001188586,0.001166694,0.001145243,0.001124224,0.001103628,0.001083448,0.001063674,0.001044299,0.001025314,0.001006711,0.000988483,0.000970623,0.000953122
0.001967585,0.001988147,0.002009618,0.002034562,0.001981781,0.002100534,0.002134481,0.00214394,0.002129088,0.002171535,0.002193357,0.002214798,0.002451754,0.002758927,0.002904005,0.002651656,0.002456395,0.002408649,0.002361872,0.002316046,0.002271151,0.002227168,0.002184079,0.002141864,0.002100508,0.002059991,0.002020297,0.00198141,0.001943313,0.001905989,0.001869424,0.001833602,0.001798507,0.001764125,0.001730442,0.001697443,0.001665114,0.001633442,0.001602414,0.001572015,0.001542234,0.001513059,0.001484475,0.001456473,0.001429039,0.001402163,0.001375832,0.001350037,0.001324765,0.001300007,0.001275752,0.00125199,0.00122871,0.001205903,0.001183559,0.00116167,0.001140225,0.001119215,0.001098633,0.001078468,0.001058713,0.00103936,0.001020399,0.001001824,0.000983626,0.000965798
0.002118977,0.002144797,0.002170059,0.002198025,0.00214093,0.002264653,0.002297763,0.002307564,0.00229461,0.002343219,0.002368528,0.002393044,0.002685698,0.002930402,0.003013631,0.002690626,0.002450808,0.002403256,0.002356671,0.002311032,0.00226632,0.002222516,0.002179602,0.00213756,0.002096372,0.002056021,0.002016489,0.00197776,0.001939819,0.001902647,0.001866231,0.001830555,0.001795604,0.001761362,0.001727816,0.001694952,0.001662755,0.001631212,0.00160031,0.001570035,0.001540376,0.001511319,0.001482853,0.001454964,0.001427643,0.001400876,0.001374653,0.001348962,0.001323794,0.001299137,0.001274981,0.001251315,0.00122813,0.001205416,0.001183164,0.001161363,0.001140006,0.001119082,0.001098583,0.001078501,0.001058827,0.001039552,0.001020669,0.00100217,0.000984046,0.00096629
0.002243295,0.002274646,0.002305862,0.00233828,0.002280451,0.002409652,0.002442012,0.002449803,0.002436532,0.002490697,0.002521495,0.002549912,0.00289443,0.003076937,0.003104263,0.00270409,0.002417416,0.002370543,0.002324622,0.002279634,0.00223556,0.002192381,0.00215008,0.002108637,0.002068037,0.002028261,0.001989293,0.001951117,0.001913716,0.001877076,0.001841179,0.001806012,0.001771559,0.001737806,0.001704738,0.001672342,0.001640605,0.001609512,0.001579051,0.001549208,0.001519972,0.00149133,0.001463269,0.001435779,0.001408847,0.001382462,0.001356613,0.001331289,0.001306479,0.001282174,0.001258362,0.001235034,0.00121218,0.00118979,0.001167855,0.001146366,0.001125313,0.001104688,0.001084481,0.001064686,0.001045292,0.001026292,0.001007679,0.000989443,0.000971578,0.000954076
0.002345108,0.002379985,0.002416952,0.002455685,0.002399392,0.002535344,0.002568294,0.002574257,0.002558167,0.00261429,0.002649767,0.002683775,0.003071178,0.003204693,0.003195519,0.002717993,0.002519901,0.002470946,0.002422985,0.002375999,0.002329967,0.002284871,0.00224069,0.002197407,0.002155003,0.002113461,0.002072762,0.002032891,0.001993829,0.001955561,0.00191807,0.00188134,0.001845357,0.001810105,0.001775569,0.001741734,0.001708587,0.001676113,0.001644299,0.001613131,0.001582596,0.001552682,0.001523375,0.001494663,0.001466535,0.001438978,0.001411981,0.001385533,0.001359621,0.001334236,0.001309367,0.001285003,0.001261134,0.001237749,0.00121484,0.001192396,0.001170408,0.001148867,0.001127763,0.001107088,0.001086833,0.00106699,0.001047549,0.001028504,0.001009845,0.000991565
0.002434626,0.002472191,0.002513392,0.002558813,0.002507428,0.002651379,0.002688288,0.002694855,0.00267696,0.002732786,0.002770246,0.002809824,0.003231346,0.003335543,0.003307052,0.00275704,0.002615117,0.00256404,0.002514005,0.00246499,0.002416975,0.002369938,0.002323861,0.002278722,0.002234505,0.002191188,0.002148755,0.002107187,0.002066467,0.002026577,0.0019875,0.00194922,0.00191172,0.001874985,0.001838999,0.001803747,0.001769213,0.001735384,0.001702244,0.00166978,0.001637978,0.001606824,0.001576305,0.001546409,0.001517122,0.001488432,0.001460328,0.001432796,0.001405826,0.001379405,0.001353523,0.001328169,0.001303332,0.001279001,0.001255167,0.001231818,0.001208945,0.001186539,0.00116459,0.001143088,0.001122024,0.00110139,0.001081177,0.001061375,0.001041978,0.001022976
0.00250173,0.002541964,0.002584757,0.002633355,0.002586718,0.002738044,0.002779118,0.00278825,0.002769673,0.00282397,0.002859082,0.002899202,0.003336154,0.003431699,0.003396039,0.002787138,0.002687184,0.002634488,0.002582869,0.002532306,0.002482777,0.00243426,0.002386736,0.002340183,0.002294582,0.002249914,0.002206159,0.002163298,0.002121314,0.002080189,0.002039904,0.002000443,0.001961789,0.001923925,0.001886836,0.001850504,0.001814916,0.001780055,0.001745908,0.001712458,0.001679692,0.001647596,0.001616157,0.00158536,0.001555193,0.001525643,0.001496698,0.001468343,0.001440569,0.001413363,0.001386713,0.001360608,0.001335036,0.001309988,0.001285451,0.001261417,0.001237873,0.001214812,0.001192221,0.001170093,0.001148417,0.001127184,0.001106386,0.001086013,0.001066056,0.001046507
0.002544837,0.002588979,0.0026362,0.00268816,0.002646601,0.002805797,0.002855325,0.00287077,0.002856813,0.002913647,0.002949116,0.002989129,0.00342561,0.00352757,0.00349078,0.002832681,0.002732673,0.00267802,0.002624506,0.002572108,0.002520801,0.002470564,0.002421373,0.002373208,0.002326046,0.002279867,0.00223465,0.002190376,0.002147024,0.002104575,0.002063011,0.002022314,0.001982464,0.001943444,0.001905238,0.001867828,0.001831198,0.001795331,0.001760211,0.001725823,0.001692151,0.001659182,0.001626899,0.001595289,0.001564338,0.001534032,0.001504357,0.001475301,0.00144685,0.001418992,0.001391714,0.001365005,0.001338853,0.001313245,0.001288172,0.00126362,0.00123958,0.001216042,0.001192993,0.001170425,0.001148328,0.00112669,0.001105504,0.001084759,0.001064447,0.001044557
0.002586265,0.002634384,0.002685956,0.002742833,0.00270536,0.002869999,0.002928086,0.002952673,0.002945414,0.003008301,0.003046658,0.003087575,0.003512098,0.003625137,0.003583867,0.002888264,0.002775188,0.002719796,0.00266556,0.002612455,0.002560458,0.002509546,0.002459696,0.002410886,0.002363094,0.002316299,0.00227048,0.002225617,0.00218169,0.00213868,0.002096567,0.002055332,0.002014957,0.001975425,0.001936718,0.001898818,0.001861708,0.001825373,0.001789796,0.001754961,0.001720853,0.001687456,0.001654756,0.001622738,0.001591389,0.001560693,0.001530637,0.001501209,0.001472394,0.001444181,0.001416556,0.001389508,0.001363023,0.001337092,0.001311701,0.00128684,0.001262497,0.001238663,0.001215325,0.001192475,0.001170101,0.001148194,0.001126744,0.001105742,0.001085177,0.001065042
0.00262861,0.002682156,0.002738341,0.00280025,0.002768469,0.002937684,0.003002359,0.003036365,0.003038681,0.003109762,0.003154736,0.003199248,0.003609786,0.003732837,0.003678308,0.002950844,0.00282063,0.002763095,0.002706791,0.00265169,0.002597767,0.002544998,0.002493357,0.00244282,0.002393363,0.002344965,0.002297601,0.00225125,0.00220589,0.002161501,0.00211806,0.002075548,0.002033946,0.001993232,0.00195339,0.001914399,0.001876243,0.001838902,0.001802359,0.001766599,0.001731602,0.001697354,0.001663839,0.00163104,0.001598942,0.001567531,0.001536792,0.001506709,0.00147727,0.001448461,0.001420268,0.001392677,0.001365676,0.001339253,0.001313395,0.00128809,0.001263326,0.001239091,0.001215375,0.001192166,0.001169453,0.001147225,0.001125473,0.001104187,0.001083355,0.001062969
0.002674774,0.00273245,0.00279371,0.002859822,0.002832741,0.003007183,0.003076015,0.003116164,0.00312725,0.003208178,0.00326064,0.003311251,0.003709323,0.003841152,0.00376922,0.003013098,0.002869419,0.002811474,0.00275476,0.002699249,0.002644917,0.002591738,0.002539688,0.002488744,0.00243888,0.002390076,0.002342307,0.002295553,0.002249791,0.002205001,0.002161161,0.002118252,0.002076254,0.002035148,0.001994915,0.001955535,0.001916992,0.001879267,0.001842342,0.001806202,0.001770829,0.001736207,0.00170232,0.001669152,0.001636688,0.001604914,0.001573814,0.001543375,0.001513581,0.00148442,0.001455879,0.001427943,0.0014006,0.001373838,0.001347643,0.001322005,0.001296912,0.001272351,0.001248311,0.001224782,0.001201752,0.001179211,0.001157149,0.001135555,0.001114419,0.001093733
0.002731419,0.002790602,0.002856123,0.002927504,0.002904699,0.003084067,0.003158408,0.003202813,0.003219942,0.003310377,0.003372837,0.003431158,0.003824162,0.003962225,0.003878055,0.003091649,0.002927185,0.002867715,0.002809518,0.002752567,0.002696835,0.002642298,0.002588928,0.0025367,0.002485592,0.002435577,0.002386634,0.002338739,0.002291869,0.002246003,0.002201119,0.002157196,0.002114214,0.002072153,0.002030992,0.001990712,0.001951295,0.001912722,0.001874975,0.001838036,0.001801889,0.001766515,0.001731899,0.001698024,0.001664875,0.001632435,0.00160069,0.001569625,0.001539225,0.001509476,0.001480364,0.001451876,0.001423997,0.001396716,0.001370018,0.001343893,0.001318327,0.001293308,0.001268825,0.001244866,0.001221421,0.001198477,0.001176025,0.001154054,0.001132553,0.001111512
0.002805166,0.002862858,0.002928482,0.003002809,0.002983788,0.003166214,0.003243844,0.003292133,0.003311611,0.00340667,0.003476769,0.003543359,0.003937506,0.004076781,0.003992871,0.003180183,0.003002551,0.002941897,0.002882537,0.002824444,0.00276759,0.00271195,0.002657497,0.002604205,0.002552051,0.00250101,0.002451058,0.002402171,0.002354328,0.002307506,0.002261682,0.002216837,0.002172948,0.002129996,0.002087961,0.002046822,0.002006561,0.001967159,0.001928598,0.00189086,0.001853927,0.001817782,0.001782409,0.00174779,0.001713909,0.001680752,0.001648302,0.001616545,0.001585465,0.001555049,0.001525281,0.001496149,0.001467638,0.001439736,0.001412429,0.001385705,0.001359551,0.001333955,0.001308905,0.001284389,0.001260397,0.001236917,0.001213938,0.001191449,0.001169439,0.0011479
0.002896124,0.002951685,0.003014311,0.003087247,0.003069637,0.003254707,0.003333659,0.003383648,0.003405206,0.003500951,0.003573675,0.003646066,0.004049572,0.00418167,0.004113771,0.003280089,0.003098423,0.003034473,0.002971929,0.002910759,0.002850933,0.002792421,0.002735195,0.002679227,0.002624488,0.002570952,0.002518592,0.002467383,0.002417299,0.002368315,0.002320408,0.002273553,0.002227728,0.00218291,0.002139076,0.002096206,0.002054278,0.002013271,0.001973164,0.00193394,0.001895577,0.001858057,0.001821361,0.001785472,0.001750371,0.001716041,0.001682466,0.001649629,0.001617513,0.001586102,0.001555382,0.001525337,0.001495952,0.001467213,0.001439105,0.001411615,0.001384728,0.001358433,0.001332715,0.001307563,0.001282963,0.001258903,0.001235372,0.001212359,0.001189851,0.001167837
0.003005674,0.003058418,0.003117467,0.003185832,0.003165103,0.003350342,0.003430313,0.003480079,0.003501603,0.003597707,0.003669094,0.003742126,0.004158965,0.004278144,0.004237774,0.003389856,0.003215461,0.003148289,0.003082622,0.003018425,0.002955666,0.002894312,0.002834333,0.002775696,0.002718373,0.002662333,0.002607548,0.002553991,0.002501632,0.002450446,0.002400407,0.002351488,0.002303664,0.002256912,0.002211206,0.002166524,0.002122843,0.00208014,0.002038393,0.001997581,0.001957683,0.001918679,0.001880548,0.001843271,0.001806828,0.001771202,0.001736374,0.001702325,0.00166904,0.001636499,0.001604687,0.001573588,0.001543185,0.001513463,0.001484407,0.001456001,0.001428231,0.001401084,0.001374544,0.001348599,0.001323234,0.001298438,0.001274197,0.001250499,0.001227331,0.001204682
0.003128078,0.003179776,0.003234498,0.003297663,0.003270368,0.003451008,0.003529317,0.00357854,0.003598106,0.00369218,0.003761906,0.003831453,0.004259528,0.004359802,0.004354066,0.00349875,0.003348223,0.003278659,0.003210654,0.003144173,0.003079182,0.003015647,0.002953536,0.002892817,0.002833459,0.002775431,0.002718703,0.002663246,0.002609032,0.002556033,0.002504222,0.002453571,0.002404056,0.00235565,0.002308329,0.002262069,0.002216845,0.002172635,0.002129415,0.002087164,0.002045859,0.00200548,0.001966006,0.001927417,0.001889692,0.001852813,0.00181676,0.001781516,0.00174706,0.001713377,0.001680449,0.001648259,0.00161679,0.001586026,0.001555952,0.001526552,0.00149781,0.001469713,0.001442245,0.001415392,0.001389142,0.001363479,0.001338392,0.001313867,0.001289892,0.001266453
0.003272904,0.003327453,0.003381864,0.003441339,0.003408435,0.003584385,0.00365869,0.003707239,0.00372697,0.003820025,0.003888772,0.00395768,0.004397868,0.004476309,0.004501701,0.003638603,0.003507407,0.003434224,0.003362696,0.003292785,0.003224457,0.003157673,0.0030924,0.003028604,0.002966251,0.002905308,0.002845744,0.002787527,0.002730626,0.002675013,0.002620658,0.002567532,0.002515608,0.002464858,0.002415256,0.002366777,0.002319393,0.002273082,0.002227818,0.002183578,0.002140339,0.002098077,0.002056772,0.002016401,0.001976943,0.001938377,0.001900684,0.001863844,0.001827837,0.001792644,0.001758247,0.001724628,0.00169177,0.001659655,0.001628267,0.001597588,0.001567603,0.001538297,0.001509653,0.001481657,0.001454295,0.001427552,0.001401413,0.001375866,0.001350896,0.001326491
0.003443101,0.003502202,0.003558422,0.003616377,0.003576621,0.003748185,0.003815015,0.003857828,0.003875088,0.003967055,0.004032966,0.004099124,0.00455021,0.004610031,0.004653332,0.003785442,0.003698265,0.003622384,0.003548196,0.003475665,0.003404754,0.003335426,0.003267646,0.00320138,0.003136593,0.003073253,0.003011328,0.002950785,0.002891594,0.002833724,0.002777147,0.002721833,0.002667754,0.002614883,0.002563193,0.002512656,0.002463248,0.002414943,0.002367717,0.002321546,0.002276405,0.002232272,0.002189125,0.002146941,0.0021057,0.002065379,0.002025958,0.001987418,0.001949738,0.001912899,0.001876884,0.001841672,0.001807247,0.00177359,0.001740685,0.001708514,0.001677062,0.001646312,0.001616249,0.001586857,0.001558122,0.001530028,0.001502561,0.001475708,0.001449454,0.001423787
0.003634312,0.003697087,0.003758629,0.003819076,0.003775941,0.00394507,0.004005858,0.004041075,0.004052685,0.004143316,0.004208578,0.004272492,0.004730722,0.004785099,0.004830867,0.003955369,0.003912485,0.003832151,0.003753633,0.00367689,0.003601883,0.003528572,0.003456919,0.003386886,0.003318437,0.003251535,0.003186147,0.003122237,0.003059773,0.00299872,0.002939049,0.002880727,0.002823724,0.002768009,0.002713555,0.002660332,0.002608313,0.002557469,0.002507776,0.002459206,0.002411735,0.002365337,0.002319989,0.002275665,0.002232345,0.002190003,0.00214862,0.002108172,0.002068638,0.002029999,0.001992233,0.001955322,0.001919245,0.001883984,0.00184952,0.001815836,0.001782913,0.001750735,0.001719285,0.001688545,0.001658501,0.001629136,0.001600436,0.001572384,0.001544966,0.001518169
0.003854391,0.003921713,0.003988422,0.004055864,0.004013664,0.004186212,0.004242972,0.004272453,0.004277003,0.00436442,0.004429596,0.004494457,0.00495839,0.005021598,0.005059089,0.004171172,0.004158828,0.004074961,0.003992975,0.003912829,0.00383448,0.003757889,0.003683015,0.003609821,0.003538269,0.003468322,0.003399944,0.0033331,0.003267755,0.003203875,0.003141429,0.003080383,0.003020707,0.002962369,0.00290534,0.00284959,0.00279509,0.002741813,0.002689731,0.002638817,0.002589045,0.00254039,0.002492826,0.002446329,0.002400875,0.002356441,0.002313003,0.002270539,0.002229028,0.002188448,0.002148779,0.002109999,0.002072089,0.002035029,0.001998801,0.001963385,0.001928764,0.001894919,0.001861834,0.00182949,0.001797873,0.001766964,0.001736748,0.001707211,0.001678336,0.001650108
0.004110982,0.004174043,0.00424498,0.004317328,0.004278675,0.004458065,0.004513949,0.004537281,0.004534335,0.004615311,0.004675751,0.004739604,0.005209695,0.005296243,0.005316198,0.004425087,0.004439459,0.004352174,0.004266813,0.004183334,0.004101694,0.004021855,0.003943776,0.003867418,0.003792743,0.003719714,0.003648295,0.00357845,0.003510145,0.003443346,0.003378019,0.003314133,0.003251654,0.003190553,0.003130799,0.003072362,0.003015214,0.002959325,0.002904668,0.002851216,0.002798942,0.00274782,0.002697826,0.002648934,0.002601119,0.002554358,0.002508628,0.002463907,0.002420171,0.002377399,0.00233557,0.002294663,0.002254658,0.002215535,0.002177274,0.002139857,0.002103264,0.002067479,0.002032482,0.001998256,0.001964785,0.001932052,0.00190004,0.001868734,0.001838118,0.001808177
0.004416517,0.004463158,0.004530111,0.004607577,0.004571538,0.00476202,0.004821792,0.004843403,0.004833677,0.004909592,0.004963282,0.005022854,0.005502321,0.005627991,0.005628484,0.004738877,0.004755397,0.004663747,0.004574089,0.00448638,0.004400578,0.004316642,0.00423453,0.004154204,0.004075624,0.003998753,0.003923552,0.003849987,0.003778021,0.00370762,0.003638749,0.003571376,0.003505467,0.003440991,0.003377917,0.003316215,0.003255854,0.003196805,0.00313904,0.003082531,0.00302725,0.002973171,0.002920268,0.002868515,0.002817888,0.002768361,0.002719911,0.002672514,0.002626147,0.002580789,0.002536417,0.00249301,0.002450546,0.002409005,0.002368368,0.002328614,0.002289724,0.00225168,0.002214463,0.002178055,0.002142439,0.002107597,0.002073513,0.002040169,0.002007551,0.001975641
0.004782356,0.00479981,0.004848107,0.004920078,0.00488519,0.005083382,0.005149529,0.005172403,0.005158446,0.005228326,0.00527434,0.005325266,0.005816431,0.005990353,0.005980152,0.00508497,0.00510346,0.005006526,0.004911679,0.004818873,0.004728064,0.00463921,0.004552269,0.004467198,0.004383959,0.004302511,0.004222817,0.004144837,0.004068537,0.003993878,0.003920826,0.003849347,0.003779406,0.00371097,0.003644007,0.003578486,0.003514375,0.003451644,0.003390263,0.003330203,0.003271435,0.003213933,0.003157668,0.003102615,0.003048746,0.002996037,0.002944462,0.002893997,0.002844619,0.002796303,0.002749027,0.002702769,0.002657506,0.002613217,0.002569882,0.00252748,0.00248599,0.002445393,0.00240567,0.002366802,0.00232877,0.002291557,0.002255145,0.002219517,0.002184656,0.002150544
0.00519896,0.005191879,0.005208179,0.005259186,0.005214649,0.005418018,0.005487269,0.005514202,0.005499107,0.005565591,0.005602968,0.005644394,0.006153782,0.006376827,0.006370432,0.005480369,0.005478349,0.005375802,0.005275452,0.005177253,0.005081159,0.004987125,0.004895106,0.004805059,0.004716942,0.004630714,0.004546334,0.004463762,0.00438296,0.00430389,0.004226515,0.004150797,0.004076703,0.004004197,0.003933245,0.003863814,0.00379587,0.003729383,0.003664321,0.003600653,0.00353835,0.003477383,0.003417722,0.003359339,0.003302208,0.003246302,0.003191594,0.003138058,0.00308567,0.003034404,0.002984237,0.002935146,0.002887107,0.002840097,0.002794095,0.002749079,0.002705027,0.00266192,0.002619737,0.002578458,0.002538063,0.002498534,0.002459853,0.002422,0.002384959,0.002348712
0.005659664,0.005636927,0.005625089,0.005640149,0.005568628,0.005763855,0.005832703,0.005859173,0.005844417,0.005908821,0.005938905,0.005968519,0.006505519,0.006775389,0.006790376,0.005919027,0.005884879,0.005775884,0.00566922,0.005564837,0.005462685,0.005362718,0.005264889,0.005169152,0.005075462,0.004983775,0.004894049,0.004806241,0.004720311,0.004636219,0.004553924,0.00447339,0.004394577,0.00431745,0.004241972,0.004168108,0.004095823,0.004025085,0.003955858,0.003888112,0.003821815,0.003756935,0.003693443,0.003631308,0.003570502,0.003510997,0.003452763,0.003395775,0.003340006,0.003285429,0.003232019,0.003179751,0.003128601,0.003078544,0.003029558,0.00298162,0.002934706,0.002888796,0.002843867,0.002799899,0.002756872,0.002714764,0.002673557,0.002633231,0.002593767,0.002555147
0.006161027,0.006134447,0.006104361,0.006088384,0.005974265,0.006145469,0.006201322,0.006224997,0.006207008,0.006271146,0.00629632,0.006316493,0.00688884,0.007206186,0.007264048,0.006412199,0.006332696,0.006215669,0.006101154,0.005989098,0.005879448,0.005772151,0.005667158,0.00556442,0.005463886,0.005365512,0.005269249,0.005175052,0.005082878,0.004992683,0.004904424,0.00481806,0.00473355,0.004650855,0.004569934,0.004490751,0.004413268,0.004337449,0.004263257,0.004190658,0.004119617,0.004050102,0.003982079,0.003915516,0.003850383,0.003786647,0.00372428,0.003663252,0.003603534,0.003545099,0.003487917,0.003431964,0.003377211,0.003323634,0.003271208,0.003219906,0.003169707,0.003120584,0.003072517,0.003025481,0.002979455,0.002934418,0.002890347,0.002847222,0.002805023,0.00276373
0.006694502,0.00666487,0.006626396,0.006587372,0.006432044,0.00656356,0.006586509,0.006592276,0.006566409,0.006623487,0.00664297,0.006653467,0.007263557,0.007624694,0.00775121,0.006924862,0.006749445,0.006625746,0.006504697,0.006386242,0.006270325,0.00615689,0.006045887,0.005937261,0.005830962,0.005726941,0.005625148,0.005525536,0.005428058,0.005332668,0.005239322,0.005147976,0.005058587,0.004971112,0.004885512,0.004801746,0.004719774,0.004639558,0.004561061,0.004484246,0.004409076,0.004335517,0.004263533,0.004193092,0.00412416,0.004056705,0.003990694,0.003926098,0.003862886,0.003801028,0.003740496,0.00368126,0.003623293,0.003566568,0.003511058,0.003456738,0.003403581,0.003351563,0.00330066,0.003250847,0.003202101,0.003154399,0.00310772,0.00306204,0.00301734,0.002973596
0.007262014,0.007233841,0.007190765,0.007141743,0.006954653,0.00705432,0.007030054,0.007001381,0.006956323,0.007004719,0.007015478,0.007018795,0.007665617,0.008071574,0.008291188,0.007494375,0.007124806,0.006994872,0.006867726,0.006743309,0.006621561,0.006502426,0.006385847,0.006271769,0.00616014,0.006050905,0.005944015,0.005839418,0.005737066,0.00563691,0.005538902,0.005442998,0.005349152,0.00525732,0.005167458,0.005079524,0.004993477,0.004909276,0.004826882,0.004746257,0.004667361,0.004590158,0.004514611,0.004440686,0.004368347,0.00429756,0.004228292,0.004160511,0.004094184,0.00402928,0.003965768,0.00390362,0.003842805,0.003783295,0.003725062,0.003668079,0.003612318,0.003557754,0.00350436,0.003452112,0.003400986,0.003350956,0.003302,0.003254095,0.003207217,0.003161345
0.007890989,0.007857379,0.007813057,0.007756461,0.007548154,0.007627048,0.007559987,0.00748065,0.00739909,0.007426965,0.007426527,0.007418697,0.008093512,0.008541808,0.008876266,0.008114011,0.007550827,0.007415414,0.007282891,0.007153194,0.007026264,0.006902042,0.00678047,0.006661491,0.00654505,0.006431094,0.006319569,0.006210423,0.006103605,0.005999066,0.005896757,0.005796631,0.00569864,0.00560274,0.005508886,0.005417035,0.005327142,0.005239167,0.00515307,0.005068808,0.004986345,0.00490564,0.004826658,0.00474936,0.004673711,0.004599676,0.00452722,0.00445631,0.004386913,0.004318996,0.004252529,0.004187479,0.004123817,0.004061512,0.004000537,0.003940863,0.003882462,0.003825307,0.003769371,0.003714628,0.003661054,0.003608622,0.003557308,0.003507089,0.003457942,0.003409843
0.008594203,0.008545394,0.008494818,0.008436253,0.008210573,0.008282938,0.008183921,0.008058323,0.007925052,0.00791785,0.007896401,0.007876885,0.008561511,0.009044782,0.009503311,0.008785972,0.00805619,0.007913325,0.007773499,0.007636645,0.007502701,0.007371605,0.007243297,0.007117717,0.006994806,0.00687451,0.006756771,0.006641535,0.00652875,0.006418363,0.006310323,0.00620458,0.006101085,0.005999791,0.005900651,0.005803618,0.005708649,0.005615699,0.005524726,0.005435687,0.005348541,0.005263248,0.005179768,0.005098064,0.005018096,0.004939829,0.004863226,0.004788252,0.004714872,0.004643053,0.00457276,0.004503962,0.004436627,0.004370723,0.004306221,0.00424309,0.004181302,0.004120827,0.004061638,0.004003708,0.003947009,0.003891516,0.003837203,0.003784045,0.003732017,0.003681095
0.00937537,0.009300296,0.009236027,0.009173244,0.008939189,0.00901239,0.00889801,0.008738375,0.008558559,0.008504348,0.008448987,0.008410239,0.00908772,0.009586026,0.010160663,0.009501179,0.00880106,0.008646841,0.008495867,0.00834807,0.008203381,0.008061737,0.007923073,0.007787327,0.007654436,0.007524341,0.007396983,0.007272305,0.00715025,0.007030762,0.006913789,0.006799276,0.006687173,0.006577429,0.006469993,0.006364817,0.006261855,0.006161058,0.006062383,0.005965783,0.005871216,0.005778638,0.005688008,0.005599285,0.005512428,0.005427399,0.005344159,0.00526267,0.005182895,0.005104799,0.005028346,0.004953501,0.004880231,0.004808503,0.004738283,0.004669541,0.004602245,0.004536366,0.004471872,0.004408735,0.004346926,0.004286418,0.004227183,0.004169194,0.004112425,0.00405685
0.010219737,0.010116964,0.010029278,0.00995629,0.009714558,0.009798876,0.00967913,0.00950418,0.009291207,0.009197966,0.009097426,0.009027816,0.009672322,0.010161482,0.01081344,0.010225667,0.009568812,0.009401878,0.009238443,0.009078434,0.008921778,0.008768406,0.00861825,0.00847124,0.008327312,0.008186401,0.008048443,0.007913377,0.007781142,0.007651679,0.00752493,0.007400837,0.007279346,0.007160401,0.007043949,0.006929938,0.006818317,0.006709035,0.006602045,0.006497296,0.006394744,0.006294341,0.006196042,0.006099804,0.006005583,0.005913337,0.005823025,0.005734606,0.00564804,0.005563288,0.005480313,0.005399078,0.005319545,0.005241679,0.005165445,0.005090809,0.005017737,0.004946198,0.004876157,0.004807585,0.00474045,0.004674723,0.004610373,0.004547371,0.004485691,0.004425303
0.011115809,0.010982597,0.010874068,0.010784352,0.010533243,0.010630167,0.010520187,0.010343727,0.010119104,0.010004136,0.009868674,0.009759869,0.010348228,0.010790435,0.011463239,0.010947588,0.010344371,0.0101653,0.009989955,0.009818258,0.009650134,0.009485509,0.009324309,0.009166463,0.009011901,0.008860556,0.00871236,0.008567248,0.008425155,0.008286019,0.008149778,0.008016372,0.007885741,0.007757829,0.007632579,0.007509935,0.007389842,0.007272249,0.007157102,0.007044352,0.006933947,0.00682584,0.006719982,0.006616328,0.006514829,0.006415443,0.006318125,0.006222832,0.006129522,0.006038153,0.005948686,0.00586108,0.005775297,0.005691299,0.005609049,0.00552851,0.005449647,0.005372426,0.005296811,0.005222769,0.005150268,0.005079276,0.005009761,0.004941692,0.00487504,0.004809774
0.012040549,0.011892567,0.011765036,0.011665289,0.011402666,0.011511203,0.011417022,0.011257975,0.011038535,0.010926464,0.010775839,0.01064063,0.01115928,0.011516898,0.012136991,0.011687294,0.011134315,0.01094288,0.010755425,0.010571865,0.010392121,0.010216113,0.010043763,0.009874996,0.009709736,0.009547912,0.009389451,0.009234283,0.009082341,0.008933557,0.008787865,0.008645202,0.008505504,0.008368709,0.008234758,0.008103591,0.00797515,0.007849379,0.007726222,0.007605625,0.007487535,0.007371899,0.007258667,0.007147788,0.007039214,0.006932897,0.006828789,0.006726845,0.00662702,0.006529271,0.006433552,0.006339824,0.006248043,0.00615817,0.006070166,0.00598399,0.005899606,0.005816975,0.005736062,0.005656831,0.005579246,0.005503275,0.005428882,0.005356035,0.005284703,0.005214854
0.012988486,0.01284615,0.012717305,0.012611359,0.012345784,0.012463801,0.012386451,0.012252611,0.012058038,0.011966488,0.011826039,0.011684784,0.01214226,0.012388675,0.012891297,0.012479447,0.011967906,0.011763589,0.011563506,0.01136757,0.011175695,0.010987797,0.010803793,0.010623603,0.010447148,0.010274349,0.010105132,0.009939422,0.009777147,0.009618235,0.009462616,0.009310223,0.009160988,0.009014846,0.008871733,0.008731587,0.008594344,0.008459947,0.008328335,0.00819945,0.008073237,0.00794964,0.007828604,0.007710077,0.007594006,0.007480341,0.007369032,0.00726003,0.007153287,0.007048756,0.006946392,0.00684615,0.006747985,0.006651854,0.006557716,0.006465529,0.006375253,0.006286847,0.006200274,0.006115495,0.006032474,0.005951173,0.005871557,0.005793591,0.005717241,0.005642474
0.013965272,0.013853334,0.013741473,0.013645356,0.013379243,0.01351438,0.013450842,0.013342696,0.013179948,0.013126851,0.013013125,0.012889659,0.013293459,0.013431174,0.01377928,0.013367118,0.01297827,0.012756314,0.012538968,0.012326139,0.012117732,0.011913654,0.011713817,0.011518131,0.011326512,0.011138873,0.010955133,0.010775211,0.010599027,0.010426503,0.010257564,0.010092135,0.009930143,0.009771517,0.009616186,0.009464083,0.00931514,0.009169291,0.009026473,0.008886622,0.008749677,0.008615577,0.008484263,0.008355677,0.008229763,0.008106465,0.007985729,0.007867502,0.00775173,0.007638364,0.007527354,0.00741865,0.007312204,0.00720797,0.007105902,0.007005954,0.006908083,0.006812246,0.006718399,0.006626503,0.006536516,0.006448398,0.006362111,0.006277617,0.006194879,0.006113859
0.014977204,0.014908559,0.014831072,0.0147566,0.014499154,0.014649321,0.014601628,0.014511552,0.014376937,0.014364344,0.01429156,0.014198774,0.014550048,0.014591905,0.014797323,0.0143496,0.014188625,0.013945297,0.013707027,0.013473708,0.013245239,0.013021518,0.012802447,0.012587929,0.01237787,0.012172176,0.011970757,0.011773525,0.011580392,0.011391272,0.011206084,0.011024744,0.010847173,0.010673292,0.010503026,0.010336298,0.010173035,0.010013166,0.009856619,0.009703326,0.009553219,0.009406231,0.009262299,0.009121358,0.008983346,0.008848202,0.008715868,0.008586283,0.008459392,0.008335138,0.008213467,0.008094324,0.007977658,0.007863416,0.007751549,0.007642006,0.007534741,0.007429704,0.007326851,0.007226135,0.007127513,0.00703094,0.006936375,0.006843774,0.006753099,0.006664308
0.016026522,0.016012415,0.015979899,0.015942049,0.015702559,0.015875974,0.015839484,0.015768201,0.015653404,0.015675965,0.015645898,0.015597644,0.015881452,0.015850453,0.015954902,0.015510124,0.015505726,0.015244748,0.014989075,0.014738599,0.014493214,0.014252817,0.014017307,0.013786583,0.01356055,0.013339111,0.013122173,0.012909644,0.012701436,0.012497459,0.012297629,0.012101861,0.011910072,0.011722181,0.011538109,0.011357779,0.011181115,0.011008041,0.010838486,0.010672377,0.010509644,0.010350219,0.010194035,0.010041025,0.009891126,0.009744273,0.009600405,0.009459462,0.009321384,0.009186112,0.00905359,0.008923762,0.008796572,0.008671968,0.008549897,0.008430307,0.008313147,0.008198369,0.008085925,0.007975766,0.007867846,0.007762119,0.007658542,0.00755707,0.007457661,0.007360272
0.017117896,0.017157402,0.017178057,0.017183941,0.016973972,0.017176333,0.017154902,0.01709356,0.016996235,0.017041859,0.017046383,0.0170421,0.017243581,0.017159944,0.017228454,0.016950467,0.016916429,0.01663343,0.01635618,0.016084564,0.015818466,0.015557775,0.01530238,0.015052175,0.014807053,0.014566911,0.014331648,0.014101165,0.013875365,0.013654152,0.013437434,0.013225119,0.013017118,0.012813343,0.012613708,0.012418129,0.012226524,0.012038811,0.011854913,0.011674751,0.011498249,0.011325333,0.011155931,0.01098997,0.010827381,0.010668096,0.010512047,0.010359168,0.010209396,0.010062666,0.009918918,0.00977809,0.009640124,0.00950496,0.009372543,0.009242816,0.009115725,0.008991216,0.008869237,0.008749736,0.008632663,0.008517968,0.008405604,0.008295523,0.008187678,0.008082025
0.018256071,0.018347659,0.018420136,0.01847729,0.018304035,0.01854396,0.018541628,0.01849125,0.018400157,0.018464035,0.018488705,0.018518218,0.018614561,0.018506405,0.018605418,0.018384158,0.018333661,0.018030513,0.017733482,0.017442443,0.017157277,0.016877864,0.016604088,0.016335836,0.016072996,0.01581546,0.015563119,0.01531587,0.015073609,0.014836236,0.014603652,0.014375761,0.014152468,0.01393368,0.013719306,0.013509258,0.013303447,0.013101789,0.0129042,0.012710597,0.0125209,0.012335031,0.012152912,0.011974467,0.011799622,0.011628305,0.011460445,0.011295971,0.011134816,0.010976913,0.010822195,0.010670599,0.010522061,0.01037652,0.010233916,0.010094189,0.009957281,0.009823135,0.009691696,0.009562909,0.00943672,0.009313077,0.009191929,0.009073225,0.008956916,0.008842954
0.019467706,0.019593541,0.019713982,0.019818773,0.019690128,0.01996931,0.01999412,0.019955883,0.019868945,0.019935499,0.019971726,0.020015874,0.019988077,0.019872,0.020064686,0.019441001,0.018822722,0.018515867,0.01821521,0.017920625,0.017631989,0.017349183,0.017072089,0.016800592,0.016534577,0.016273936,0.016018558,0.015768338,0.015523172,0.015282957,0.015047594,0.014816984,0.014591032,0.014369643,0.014152726,0.01394019,0.013731946,0.013527908,0.013327991,0.013132112,0.012940189,0.012752142,0.012567893,0.012387365,0.012210483,0.012037173,0.011867364,0.011700985,0.011537966,0.011378239,0.011221738,0.011068398,0.010918155,0.010770946,0.010626711,0.010485388,0.01034692,0.010211248,0.010078317,0.00994807,0.009820454,0.009695415,0.009572902,0.009452863,0.009335248,0.009220009
0.020778751,0.020910261,0.02105843,0.021205431,0.021119512,0.021440072,0.021495721,0.021477922,0.02139602,0.02146199,0.021492094,0.021540201,0.021378661,0.021261689,0.021577648,0.020937948,0.02032225,0.019993412,0.019671179,0.019355418,0.019045999,0.018742795,0.018445681,0.018154535,0.017869236,0.017589668,0.017315714,0.017047264,0.016784205,0.01652643,0.016273832,0.016026308,0.015783755,0.015546074,0.015313167,0.015084938,0.014861293,0.01464214,0.014427389,0.014216951,0.01401074,0.013808671,0.01361066,0.013416626,0.01322649,0.013040173,0.012857597,0.012678689,0.012503374,0.012331581,0.012163238,0.011998276,0.011836628,0.011678226,0.011523006,0.011370904,0.011221856,0.011075803,0.010932682,0.010792437,0.010655008,0.01052034,0.010388376,0.010259063,0.010132347,0.010008176
0.022246111,0.022335258,0.02248422,0.022655065,0.022612259,0.022968875,0.023064682,0.023075333,0.023011026,0.023080617,0.023105616,0.023143017,0.022863734,0.022744816,0.023179563,0.022535618,0.021943471,0.021587222,0.021238154,0.020896123,0.020560987,0.020232606,0.019910845,0.01959557,0.019286651,0.018983959,0.018687368,0.018396756,0.018112003,0.01783299,0.017559601,0.017291723,0.017029245,0.016772058,0.016520056,0.016273133,0.016031188,0.01579412,0.015561832,0.015334225,0.015111207,0.014892685,0.014678567,0.014468766,0.014263194,0.014061766,0.013864398,0.013671009,0.013481518,0.013295848,0.01311392,0.012935659,0.012760992,0.012589845,0.012422149,0.012257833,0.01209683,0.011939072,0.011784494,0.011633032,0.011484624,0.011339207,0.011196721,0.011057108,0.010920309,0.010786268
0.02390083,0.023938186,0.024039506,0.024207303,0.024192193,0.0245801,0.024714887,0.024765742,0.024728964,0.02481586,0.024842658,0.024872876,0.02449583,0.024381233,0.024901362,0.024260978,0.023702632,0.023322884,0.022950769,0.022586133,0.022228826,0.0218787,0.021535611,0.021199418,0.020869982,0.020547167,0.02023084,0.019920871,0.019617131,0.019319497,0.019027844,0.018742054,0.018462007,0.018187589,0.017918686,0.017655188,0.017396986,0.017143973,0.016896046,0.016653101,0.016415039,0.016181762,0.015953174,0.01572918,0.015509688,0.015294607,0.015083849,0.014877327,0.014674956,0.014476653,0.014282334,0.014091922,0.013905336,0.013722501,0.01354334,0.01336778,0.013195749,0.013027175,0.01286199,0.012700124,0.012541512,0.012386087,0.012233786,0.012084547,0.011938307,0.011795006
0.025740181,0.025753901,0.025800464,0.025917263,0.025905797,0.026306283,0.026480303,0.026573008,0.026577617,0.026691762,0.026736733,0.026769215,0.026337324,0.026222349,0.026789982,0.026158927,0.02563681,0.025225981,0.02482347,0.024429108,0.024042731,0.023664177,0.023293287,0.022929906,0.022573883,0.022225068,0.021883316,0.021548482,0.021220429,0.020899017,0.020584112,0.020275584,0.019973302,0.01967714,0.019386975,0.019102684,0.01882415,0.018551255,0.018283885,0.018021928,0.017765276,0.017513819,0.017267454,0.017026077,0.016789587,0.016557885,0.016330875,0.01610846,0.015890549,0.01567705,0.015467873,0.015262932,0.015062139,0.014865413,0.014672669,0.014483828,0.01429881,0.014117538,0.013939937,0.013765931,0.013595448,0.013428417,0.013264768,0.013104433,0.012947343,0.012793434
0.027730151,0.027747946,0.027763558,0.02781701,0.027755273,0.028136147,0.028327425,0.02845884,0.028501992,0.02864949,0.028717323,0.028763273,0.02832582,0.028218958,0.028784884,0.028183993,0.027698656,0.027256759,0.026823813,0.026399637,0.025984053,0.025576886,0.025177967,0.024787128,0.024404206,0.024029041,0.023661474,0.023301353,0.022948526,0.022602846,0.022264168,0.02193235,0.021607254,0.021288742,0.020976682,0.020670943,0.020371397,0.020077918,0.019790384,0.019508674,0.019232671,0.018962258,0.018697322,0.018437753,0.018183441,0.017934281,0.017690168,0.017450999,0.017216675,0.016987097,0.016762169,0.016541798,0.01632589,0.016114356,0.015907106,0.015704055,0.015505116,0.015310207,0.015119246,0.014932153,0.014748849,0.014569259,0.014393306,0.014220917,0.014052021,0.013886545
0.029844005,0.029885709,0.029900055,0.029915131,0.029789045,0.030095895,0.030274589,0.030426846,0.030509621,0.030687594,0.030786824,0.030851612,0.03046144,0.03037283,0.030904455,0.030344633,0.029906909,0.02942578,0.028954507,0.028492888,0.028040725,0.027597824,0.027163996,0.026739054,0.026322817,0.025915107,0.025515748,0.025124569,0.024741404,0.024366088,0.02399846,0.023638362,0.023285641,0.022940145,0.022601726,0.02227024,0.021945544,0.021627499,0.021315969,0.021010821,0.020711923,0.020419148,0.02013237,0.019851467,0.019576318,0.019306806,0.019042814,0.018784229,0.018530942,0.018282843,0.018039826,0.017801788,0.017568625,0.017340239,0.017116531,0.016897405,0.016682768,0.016472528,0.016266595,0.01606488,0.015867296,0.015673761,0.015484189,0.015298501,0.015116617,0.014938458
0.032032656,0.032108772,0.032138604,0.032141489,0.031970307,0.032183191,0.032283432,0.032420142,0.032520359,0.032722863,0.032846548,0.032933887,0.032633648,0.032580248,0.033052497,0.03255822,0.032170427,0.031650809,0.0311419,0.030643477,0.030155326,0.029677235,0.029208996,0.028750407,0.028301267,0.027861384,0.027430566,0.027008626,0.026595381,0.026190652,0.025794264,0.025406044,0.025025825,0.024653441,0.024288731,0.023931537,0.023581704,0.02323908,0.022903517,0.022574869,0.022252994,0.021937752,0.021629006,0.021326623,0.021030471,0.020740422,0.020456351,0.020178134,0.01990565,0.019638781,0.019377412,0.019121429,0.018870721,0.01862518,0.018384699,0.018149174,0.017918502,0.017692584,0.017471322,0.017254619,0.017042382,0.016834519,0.016630939,0.016431555,0.01623628,0.016045028
0.034250201,0.034375079,0.034440216,0.034456515,0.034276021,0.034420231,0.034424353,0.034481294,0.034569408,0.034780064,0.034932198,0.035043572,0.03486737,0.034860972,0.035267492,0.034859955,0.034531195,0.033978982,0.033438218,0.032908666,0.032390093,0.031882272,0.031384979,0.030897997,0.030421111,0.029954113,0.029496797,0.029048962,0.028610412,0.028180955,0.027760402,0.027348568,0.026945272,0.026550338,0.026163592,0.025784865,0.02541399,0.025050804,0.024695148,0.024346866,0.024005805,0.023671815,0.023344749,0.023024465,0.022710821,0.02240368,0.022102907,0.02180837,0.021519939,0.021237489,0.020960894,0.020690034,0.02042479,0.020165045,0.019910686,0.0196616,0.019417678,0.019178814,0.018944902,0.018715839,0.018491526,0.018271864,0.018056756,0.017846107,0.017639826,0.017437822
0.036811083,0.036676448,0.036797219,0.036852964,0.036698053,0.036810709,0.036748486,0.036705243,0.036714522,0.036903782,0.037072119,0.037217196,0.037176803,0.037236786,0.037581551,0.037282366,0.037021122,0.036430944,0.035853124,0.035287404,0.03473353,0.034191254,0.033660333,0.03314053,0.032631611,0.032133349,0.031645521,0.031167907,0.030700295,0.030242475,0.029794241,0.029355394,0.028925735,0.028505074,0.028093222,0.027689993,0.027295208,0.02690869,0.026530266,0.026159766,0.025797024,0.025441877,0.025094168,0.024753739,0.024420439,0.024094119,0.023774631,0.023461834,0.023155586,0.022855752,0.022562195,0.022274786,0.021993396,0.021717897,0.021448167,0.021184086,0.020925534,0.020672397,0.02042456,0.020181913,0.019944346,0.019711755,0.019484034,0.019261081,0.019042797,0.018829084
0.03922664,0.039340538,0.039169707,0.039288732,0.039195611,0.039311345,0.03923122,0.039121346,0.039029276,0.039122827,0.039273979,0.0394387,0.039537988,0.039673756,0.039978399,0.039802668,0.039625847,0.039242221,0.038863526,0.038489698,0.038120674,0.037756393,0.037396793,0.037041815,0.036691399,0.036345487,0.03600402,0.035666942,0.035334195,0.035005725,0.034681477,0.034361396,0.034045428,0.033733521,0.033425623,0.033121682,0.032821647,0.032525468,0.032233095,0.03194448,0.031659574,0.03137833,0.0311007,0.030826638,0.030556099,0.030289036,0.030025406,0.029765164,0.029508266,0.02925467,0.029004333,0.028757214,0.02851327,0.028272461,0.028034748,0.027800089,0.027568446,0.027339781,0.027114054,0.026891228,0.026671265,0.02645413,0.026239785,0.026028195,0.025819324,0.025613138
0.041827815,0.041976933,0.042105746,0.041912458,0.04192519,0.042088207,0.042046826,0.041936341,0.041791573,0.04177807,0.041846044,0.042010978,0.0422221,0.042444681,0.042730955,0.042694932,0.042611879,0.042201937,0.041797263,0.04139779,0.041003451,0.040614179,0.040229911,0.039850581,0.039476127,0.039106484,0.038741593,0.03838139,0.038025818,0.037674814,0.037328322,0.036986283,0.03664864,0.036315336,0.035986316,0.035661524,0.035340906,0.035024409,0.03471198,0.034403566,0.034099115,0.033798577,0.033501902,0.033209039,0.032919941,0.032634557,0.032352842,0.032074747,0.031800226,0.031529233,0.031261723,0.030997651,0.030736972,0.030479644,0.030225623,0.029974867,0.029727333,0.029482981,0.029241769,0.029003657,0.028768605,0.028536574,0.028307525,0.02808142,0.02785822,0.027637889
0.044755858,0.044916489,0.045063471,0.045188897,0.044859034,0.045071852,0.045088343,0.045009291,0.044854343,0.044755469,0.04469425,0.044748021,0.045005641,0.045284947,0.04557399,0.045673157,0.04570142,0.045263819,0.044831842,0.044405416,0.043984471,0.043568936,0.043158742,0.042753819,0.0423541,0.041959518,0.041570007,0.041185502,0.040805939,0.040431254,0.040061384,0.039696268,0.039335844,0.038980053,0.038628833,0.038282128,0.037939879,0.037602028,0.037268519,0.036939296,0.036614304,0.036293489,0.035976797,0.035664175,0.035355571,0.035050934,0.034750211,0.034453353,0.03416031,0.033871034,0.033585475,0.033303586,0.03302532,0.03275063,0.03247947,0.032211795,0.031947561,0.031686722,0.031429235,0.031175058,0.030924148,0.030676462,0.030431959,0.030190598,0.02995234,0.029717143
0.048040813,0.048228308,0.048379898,0.048516481,0.048557166,0.048343169,0.048436712,0.048423655,0.048305412,0.048177112,0.048026818,0.047938524,0.048127319,0.048406323,0.048685674,0.04890475,0.049036682,0.0485748,0.048118854,0.047668767,0.047224465,0.046785873,0.046352918,0.045925527,0.045503629,0.045087153,0.044676029,0.044270189,0.043869565,0.04347409,0.043083697,0.042698321,0.042317899,0.041942365,0.041571658,0.041205715,0.040844475,0.040487877,0.040135863,0.039788372,0.039445348,0.039106732,0.038772468,0.038442499,0.038116772,0.03779523,0.037477821,0.037164491,0.036855189,0.036549861,0.036248457,0.035950927,0.035657221,0.035367289,0.035081083,0.034798556,0.03451966,0.034244348,0.033972574,0.033704293,0.03343946,0.033178031,0.032919961,0.032665208,0.03241373,0.032165483
0.051416557,0.051962679,0.052126757,0.052250919,0.052319058,0.052430514,0.052088632,0.052154054,0.052100161,0.051979677,0.051794067,0.051602259,0.051684805,0.051853367,0.052082291,0.052363624,0.052582655,0.052093756,0.051611141,0.051134728,0.050664438,0.050200192,0.049741913,0.049289523,0.048842947,0.048402111,0.04796694,0.047537362,0.047113304,0.046694697,0.046281469,0.045873553,0.045470878,0.045073379,0.044680988,0.044293641,0.043911271,0.043533816,0.043161211,0.042793396,0.042430307,0.042071885,0.041718069,0.0413688,0.04102402,0.040683671,0.040347696,0.040016039,0.039688645,0.039365458,0.039046425,0.038731491,0.038420606,0.038113715,0.037810769,0.037511716,0.037216507,0.036925092,0.036637421,0.036353448,0.036073125,0.035796404,0.035523239,0.035253586,0.034987397,0.03472463
0.055692229,0.055749818,0.056287924,0.056421984,0.05650985,0.056574178,0.056606084,0.056226018,0.056259217,0.056177442,0.056001042,0.055766355,0.055783872,0.055815345,0.055904159,0.056173216,0.05642914,0.056236466,0.056044711,0.055853868,0.055663935,0.055474907,0.055286779,0.055099547,0.054913207,0.054727755,0.054543186,0.054359497,0.054176682,0.053994739,0.053813662,0.053633448,0.053454092,0.053275591,0.05309794,0.052921135,0.052745172,0.052570048,0.052395758,0.052222298,0.052049665,0.051877854,0.051706862,0.051536684,0.051367316,0.051198756,0.051030998,0.05086404,0.050697877,0.050532506,0.050367922,0.050204122,0.050041103,0.04987886,0.04971739,0.04955669,0.049396755,0.049237581,0.049079166,0.048921506,0.048764597,0.048608435,0.048453017,0.04829834,0.048144399,0.047991192
0.060155201,0.060127086,0.060143209,0.060635228,0.060744028,0.060719902,0.060715278,0.060711071,0.060276867,0.060230616,0.060077282,0.059829959,0.059844904,0.059795539,0.059733552,0.059861619,0.060075707,0.059881128,0.059687437,0.059494629,0.059302701,0.059111648,0.058921468,0.058732154,0.058543705,0.058356115,0.05816938,0.057983498,0.057798464,0.057614273,0.057430923,0.05724841,0.057066729,0.056885877,0.056705849,0.056526644,0.056348255,0.056170681,0.055993916,0.055817958,0.055642803,0.055468446,0.055294886,0.055122116,0.054950135,0.054778939,0.054608524,0.054438886,0.054270021,0.054101928,0.053934601,0.053768037,0.053602233,0.053437186,0.053272891,0.053109346,0.052946548,0.052784491,0.052623174,0.052462593,0.052302745,0.052143626,0.051985232,0.051827562,0.05167061,0.051514375
0.064647277,0.064563539,0.064544208,0.064558305,0.065124407,0.06508991,0.065094618,0.065125936,0.065138066,0.064618641,0.064560813,0.064380866,0.064431729,0.06436321,0.064211145,0.064168841,0.064231262,0.06403124,0.0638321,0.063633837,0.063436449,0.063239931,0.063044279,0.062849489,0.062655559,0.062462483,0.062270259,0.062078882,0.061888349,0.061698655,0.061509799,0.061321774,0.061134579,0.060948209,0.06076266,0.060577929,0.060394013,0.060210908,0.06002861,0.059847116,0.059666421,0.059486524,0.059307419,0.059129104,0.058951575,0.058774829,0.058598862,0.058423671,0.058249252,0.058075602,0.057902718,0.057730596,0.057559232,0.057388625,0.057218769,0.057049662,0.056881301,0.056713681,0.056546801,0.056380657,0.056215245,0.056050562,0.055886605,0.055723371,0.055560857,0.055399059
0.069217053,0.06910094,0.069070303,0.069088965,0.069255342,0.06963955,0.069719762,0.069814657,0.069914926,0.069871072,0.069317285,0.069266626,0.069397273,0.069363828,0.069191077,0.069020005,0.068890254,0.068704789,0.068520113,0.06833622,0.068153109,0.067970775,0.067789216,0.067608429,0.067428409,0.067249154,0.06707066,0.066892925,0.066715944,0.066539716,0.066364235,0.066189501,0.066015508,0.065842255,0.065669737,0.065497953,0.065326898,0.06515657,0.064986965,0.064818081,0.064649914,0.064482461,0.06431572,0.064149687,0.063984359,0.063819734,0.063655807,0.063492578,0.063330041,0.063168195,0.063007037,0.062846563,0.06268677,0.062527657,0.062369219,0.062211454,0.06205436,0.061897933,0.06174217,0.061587069,0.061432627,0.061278841,0.061125708,0.060973225,0.06082139,0.060670201
0.073848645,0.07372463,0.073708887,0.073757273,0.074010166,0.073941491,0.074534017,0.07475874,0.074972065,0.075013689,0.075049825,0.07441439,0.074684225,0.074751847,0.074628155,0.074403871,0.074124831,0.073948257,0.073772415,0.073597302,0.073422916,0.073249253,0.07307631,0.072904085,0.072732574,0.072561775,0.072391684,0.072222299,0.072053616,0.071885633,0.071718347,0.071551755,0.071385853,0.07122064,0.071056112,0.070892267,0.070729101,0.070566612,0.070404798,0.070243654,0.070083179,0.069923369,0.069764222,0.069605736,0.069447907,0.069290732,0.06913421,0.068978337,0.06882311,0.068668527,0.068514586,0.068361283,0.068208616,0.068056582,0.067905179,0.067754403,0.067604254,0.067454727,0.06730582,0.067157531,0.067009857,0.066862796,0.066716345,0.066570501,0.066425262,0.066280625
0.078820932,0.078692999,0.078699125,0.078783563,0.079126911,0.079066828,0.07926029,0.080035586,0.080405949,0.080526607,0.080666624,0.080748775,0.080284049,0.080528372,0.080538751,0.080357283,0.08002644,0.079854156,0.079682576,0.079511697,0.079341516,0.07917203,0.079003236,0.078835132,0.078667714,0.07850098,0.078334926,0.078169552,0.078004852,0.077840825,0.077677468,0.077514778,0.077352753,0.07719139,0.077030685,0.076870637,0.076711243,0.076552499,0.076394404,0.076236955,0.076080148,0.075923982,0.075768454,0.075613561,0.075459301,0.075305671,0.075152668,0.07500029,0.074848535,0.074697399,0.074546881,0.074396977,0.074247685,0.074099004,0.073950929,0.07380346,0.073656592,0.073510325,0.073364654,0.073219579,0.073075097,0.072931204,0.072787899,0.072645179,0.072503043,0.072361487
0.08437289,0.084192411,0.084173615,0.084243141,0.084618442,0.08450306,0.084695051,0.085008027,0.085864873,0.086024706,0.086175014,0.086279304,0.086700348,0.086091905,0.086304303,0.086270519,0.086012519,0.085835819,0.085659864,0.085484651,0.085310176,0.085136436,0.084963429,0.084791151,0.084619599,0.084448771,0.084278662,0.084109271,0.083940593,0.083772626,0.083605368,0.083438814,0.083272962,0.08310781,0.082943353,0.08277959,0.082616517,0.082454132,0.08229243,0.082131411,0.08197107,0.081811405,0.081652413,0.081494091,0.081336436,0.081179446,0.081023118,0.080867448,0.080712435,0.080558075,0.080404366,0.080251305,0.080098888,0.079947115,0.079795981,0.079645484,0.079495621,0.07934639,0.079197788,0.079049812,0.078902461,0.07875573,0.078609617,0.078464121,0.078319238,0.078174965
0.090768429,0.090505027,0.090438048,0.090467485,0.090843166,0.09064114,0.090792344,0.091080382,0.09144425,0.091980165,0.092134003,0.09219909,0.092706381,0.093110589,0.092390531,0.092562932,0.092473383,0.092300946,0.092129214,0.091958184,0.091787854,0.09161822,0.09144928,0.09128103,0.091113468,0.090946592,0.090780397,0.090614882,0.090450044,0.09028588,0.090122387,0.089959563,0.089797404,0.089635908,0.089475073,0.089314895,0.089155372,0.088996501,0.08883828,0.088680706,0.088523776,0.088367487,0.088211838,0.088056825,0.087902446,0.087748698,0.087595579,0.087443085,0.087291216,0.087139967,0.086989336,0.086839322,0.08668992,0.08654113,0.086392948,0.086245372,0.086098399,0.085952027,0.085806254,0.085661076,0.085516492,0.0853725,0.085229096,0.085086278,0.084944044,0.084802392
0.099118613,0.098698478,0.098503299,0.098400735,0.098668274,0.098270481,0.098256238,0.098382006,0.098589662,0.098477192,0.098783978,0.098699232,0.09919216,0.099611213,0.099932097,0.09920879,0.099297281,0.099128093,0.098959573,0.098791719,0.098624528,0.098457998,0.098292125,0.098126908,0.097962343,0.097798428,0.097635161,0.097472539,0.097310559,0.097149219,0.096988516,0.096828448,0.096669013,0.096510207,0.096352028,0.096194475,0.096037543,0.095881232,0.095725538,0.095570459,0.095415993,0.095262137,0.095108888,0.094956245,0.094804205,0.094652766,0.094501925,0.094351679,0.094202027,0.094052967,0.093904495,0.093756609,0.093609308,0.093462589,0.093316449,0.093170886,0.093025899,0.092881484,0.092737639,0.092594363,0.092451653,0.092309507,0.092167922,0.092026896,0.091886428,0.091746514
0.108153654,0.107671671,0.107444559,0.107302479,0.107550348,0.107051536,0.106963941,0.10702119,0.107165977,0.106947156,0.106794285,0.10688105,0.107404119,0.107833721,0.108187226,0.108445278,0.10765962,0.107485795,0.107312639,0.107140152,0.10696833,0.106797171,0.106626672,0.106456831,0.106287645,0.106119111,0.105951228,0.105783992,0.105617401,0.105451453,0.105286145,0.105121475,0.104957439,0.104794037,0.104631265,0.104469121,0.104307602,0.104146706,0.103986431,0.103826774,0.103667733,0.103509306,0.103351489,0.103194281,0.10303768,0.102881683,0.102726287,0.102571491,0.102417292,0.102263688,0.102110677,0.101958255,0.101806422,0.101655174,0.10150451,0.101354426,0.101204922,0.101055994,0.100907641,0.10075986,0.10061265,0.100466007,0.100319929,0.100174415,0.100029463,0.099885069
0.118642773,0.11819624,0.117980013,0.117822516,0.118058533,0.117471634,0.117312691,0.117296407,0.117370931,0.117033965,0.116766056,0.116447553,0.117117239,0.117549391,0.11788866,0.118155753,0.118323669,0.118144878,0.117966731,0.117789226,0.11761236,0.117436131,0.117260537,0.117085575,0.116911244,0.116737541,0.116564463,0.116392009,0.116220175,0.116048961,0.115878364,0.115708381,0.11553901,0.11537025,0.115202097,0.11503455,0.114867606,0.114701264,0.114535521,0.114370375,0.114205824,0.114041865,0.113878498,0.113715718,0.113553525,0.113391916,0.113230889,0.113070443,0.112910574,0.112751281,0.112592562,0.112434414,0.112276836,0.112119826,0.111963382,0.1118075,0.111652181,0.11149742,0.111343218,0.11118957,0.111036476,0.110883934,0.110731941,0.110580496,0.110429596,0.110279239
0.130166833,0.129996941,0.129798537,0.129572402,0.12971013,0.128962067,0.128632439,0.128419553,0.128294919,0.127712194,0.127190244,0.126601924,0.126886051,0.127241624,0.127469274,0.127621217,0.127701565,0.127518911,0.127336887,0.127155491,0.12697472,0.126794573,0.126615047,0.126436141,0.126257851,0.126080176,0.125903114,0.125726663,0.12555082,0.125375584,0.125200951,0.125026922,0.124853492,0.124680661,0.124508425,0.124336784,0.124165735,0.123995275,0.123825403,0.123656118,0.123487416,0.123319295,0.123151755,0.122984793,0.122818406,0.122652593,0.122487352,0.122322681,0.122158578,0.12199504,0.121832067,0.121669656,0.121507805,0.121346512,0.121185775,0.121025593,0.120865963,0.120706884,0.120548353,0.120390369,0.12023293,0.120076034,0.119919679,0.119763863,0.119608585,0.119453842
0.142428631,0.143189198,0.143133817,0.142864282,0.142908007,0.142045093,0.141594027,0.141236538,0.140985757,0.14024806,0.139572021,0.138818805,0.13890964,0.138976486,0.139005781,0.139003229,0.138928867,0.138745389,0.13856249,0.138380168,0.13819842,0.138017246,0.137836643,0.13765661,0.137477145,0.137298246,0.137119911,0.136942138,0.136764926,0.136588273,0.136412177,0.136236637,0.13606165,0.135887215,0.135713331,0.135539994,0.135367205,0.13519496,0.135023259,0.134852099,0.134681479,0.134511397,0.134341851,0.13417284,0.134004363,0.133836416,0.133669,0.133502111,0.133335749,0.133169911,0.133004597,0.132839804,0.13267553,0.132511775,0.132348536,0.132185812,0.132023602,0.131861902,0.131700713,0.131540032,0.131379858,0.13122019,0.131061024,0.130902361,0.130744198,0.130586534
0.154819268,0.157447371,0.157719203,0.157411835,0.157300985,0.156298732,0.155705816,0.155193028,0.154832846,0.153990932,0.153231042,0.152398449,0.152241722,0.152059124,0.151842307,0.151459263,0.151141641,0.150952823,0.150764558,0.150576845,0.150389683,0.150203069,0.150017002,0.149831481,0.149646503,0.149462068,0.149278173,0.149094818,0.148912,0.148729717,0.14854797,0.148366755,0.148186071,0.148005917,0.147826291,0.147647192,0.147468618,0.147290567,0.147113038,0.14693603,0.14675954,0.146583568,0.146408112,0.14623317,0.146058741,0.145884823,0.145711415,0.145538516,0.145366123,0.145194236,0.145022853,0.144851972,0.144681592,0.144511711,0.144342329,0.144173443,0.144005052,0.143837155,0.14366975,0.143502835,0.14333641,0.143170473,0.143005022,0.142840057,0.142675575,0.142511575
0.167869782,0.171556669,0.172706921,0.172375807,0.171783171,0.170106739,0.168553833,0.166991635,0.165470213,0.163409181,0.161358055,0.159164383,0.158102198,0.15697315,0.15582534,0.154660023,0.15291168,0.15275091,0.15259057,0.152430658,0.152271172,0.152112113,0.151953477,0.151795265,0.151637476,0.151480107,0.151323159,0.151166629,0.151010517,0.150854821,0.150699542,0.150544676,0.150390224,0.150236184,0.150082556,0.149929337,0.149776527,0.149624125,0.14947213,0.14932054,0.149169355,0.149018573,0.148868194,0.148718216,0.148568639,0.148419461,0.14827068,0.148122297,0.14797431,0.147826718,0.14767952,0.147532714,0.1473863,0.147240278,0.147094644,0.1469494,0.146804543,0.146660073,0.146515988,0.146372288,0.146228971,0.146086037,0.145943484,0.145801312,0.145659519,0.145518105
0.181646928,0.194787317,0.192869075,0.192009882,0.191449312,0.190143929,0.189069563,0.187997897,0.187131807,0.185866795,0.184724525,0.183552244,0.182673881,0.181771947,0.18081024,0.179762721,0.178633317,0.178578961,0.178524642,0.178470359,0.178416114,0.178361905,0.178307733,0.178253598,0.178199499,0.178145438,0.178091413,0.178037424,0.177983473,0.177929558,0.177875679,0.177821838,0.177768032,0.177714264,0.177660531,0.177606836,0.177553176,0.177499553,0.177445967,0.177392417,0.177338903,0.177285426,0.177231985,0.17717858,0.177125212,0.177071879,0.177018583,0.176965323,0.1769121,0.176858912,0.176805761,0.176752645,0.176699566,0.176646523,0.176593515,0.176540544,0.176487609,0.176434709,0.176381846,0.176329018,0.176276227,0.176223471,0.176170751,0.176118067,0.176065418,0.176012805
