Time Of Report (Year), NodeId, Gender, Age, Population, Infected, Newly Infected, Chronic (Prev), Sub-Clinical (Prev), Acute (Prev), Pre-Patent (Prev), Chronic (Inc) , Sub-Clinical (Inc), Acute (Inc), Pre-Patent (Inc), 
1931,340461476,0,0,101,3,7,0,1,0,0,0,5,0,7
1931,340461476,0,1,7,0,2,0,0,0,0,0,1,1,2
1931,340461476,0,2,12,0,0,0,0,0,0,0,0,0,0
1931,340461476,0,3,16,0,3,0,0,0,0,0,3,0,3
1931,340461476,0,4,10,0,2,0,0,0,0,0,2,0,2
1931,340461476,0,5,14,0,1,0,0,0,0,0,1,0,1
1931,340461476,0,6,6,0,1,0,0,0,0,0,1,0,1
1931,340461476,0,7,9,0,2,0,0,0,0,0,2,0,2
1931,340461476,0,8,15,3,4,0,1,0,0,0,2,0,4
1931,340461476,0,9,10,1,2,0,0,0,0,0,1,0,2
1931,340461476,0,10,8,0,0,0,0,0,0,0,0,0,0
1931,340461476,0,11,8,0,2,0,0,0,0,0,2,0,2
1931,340461476,0,12,11,0,3,0,0,0,0,0,2,0,3
1931,340461476,0,13,17,0,0,0,0,0,0,0,1,0,0
1931,340461476,0,14,11,1,4,0,0,0,0,0,2,0,4
1931,340461476,0,15,10,0,2,0,0,0,0,0,2,1,2
1931,340461476,0,16,7,0,0,0,0,0,0,0,0,0,0
1931,340461476,0,17,12,0,1,0,0,0,0,0,1,0,1
1931,340461476,0,18,11,0,1,0,0,0,0,0,1,0,1
1931,340461476,0,19,11,0,2,0,0,0,0,0,2,0,2
1931,340461476,0,20,7,0,1,0,0,0,0,0,1,0,1
1931,340461476,0,21,9,0,0,0,0,0,0,0,0,0,0
1931,340461476,0,22,8,0,1,0,0,0,0,0,1,0,1
1931,340461476,0,23,6,0,1,0,0,0,0,0,1,0,1
1931,340461476,0,24,12,0,1,0,0,0,0,0,0,0,1
1931,340461476,0,25,10,0,0,0,0,0,0,0,1,0,0
1931,340461476,0,26,6,0,1,0,0,0,0,0,1,0,1
1931,340461476,0,27,7,0,0,0,0,0,0,0,0,0,0
1931,340461476,0,28,7,0,0,0,0,0,0,0,0,0,0
1931,340461476,0,29,11,0,2,0,0,0,0,0,2,0,2
1931,340461476,0,30,8,0,1,0,0,0,0,0,1,0,1
1931,340461476,0,31,11,2,3,0,2,0,0,0,3,0,3
1931,340461476,0,32,7,0,0,0,0,0,0,0,0,0,0
1931,340461476,0,33,7,0,0,0,0,0,0,0,0,0,0
1931,340461476,0,34,8,0,0,0,0,0,0,0,0,0,0
1931,340461476,0,35,8,0,1,0,0,0,0,0,1,0,1
1931,340461476,0,36,9,0,1,0,0,0,0,0,1,0,1
1931,340461476,0,37,5,0,2,0,0,0,0,0,1,1,2
1931,340461476,0,38,3,0,1,0,0,0,0,0,1,0,1
1931,340461476,0,39,2,0,0,0,0,0,0,0,0,0,0
1931,340461476,0,40,6,0,0,0,0,0,0,0,0,0,0
1931,340461476,0,41,12,1,3,0,1,0,0,0,3,0,3
1931,340461476,0,42,9,0,0,0,0,0,0,0,0,0,0
1931,340461476,0,43,6,0,0,0,0,0,0,0,0,0,0
1931,340461476,0,44,9,0,1,0,0,0,0,0,1,0,1
1931,340461476,0,45,2,0,0,0,0,0,0,0,0,0,0
1931,340461476,0,46,3,0,0,0,0,0,0,0,0,0,0
1931,340461476,0,47,3,0,0,0,0,0,0,0,0,0,0
1931,340461476,0,48,4,0,0,0,0,0,0,0,0,0,0
1931,340461476,0,49,2,0,1,0,0,0,0,0,1,0,1
1931,340461476,0,50,5,0,1,0,0,0,0,0,1,0,1
1931,340461476,0,51,3,0,0,0,0,0,0,0,0,0,0
1931,340461476,0,52,5,1,1,0,0,0,0,0,0,0,1
1931,340461476,0,53,2,0,0,0,0,0,0,0,0,0,0
1931,340461476,0,54,3,0,0,0,0,0,0,0,0,0,0
1931,340461476,0,55,4,0,0,0,0,0,0,0,0,0,0
1931,340461476,0,56,4,0,0,0,0,0,0,0,0,0,0
1931,340461476,0,57,8,0,0,0,0,0,0,0,0,0,0
1931,340461476,0,58,6,0,0,0,0,0,0,0,0,0,0
1931,340461476,0,59,4,1,1,0,0,1,0,0,0,1,1
1931,340461476,0,60,6,0,1,0,0,0,0,0,1,0,1
1931,340461476,0,61,0,0,1,0,0,0,0,0,1,0,1
1931,340461476,0,62,2,0,0,0,0,0,0,0,0,0,0
1931,340461476,0,63,3,0,0,0,0,0,0,0,0,0,0
1931,340461476,0,64,2,0,0,0,0,0,0,0,0,0,0
1931,340461476,0,65,3,0,1,0,0,0,0,0,1,0,1
1931,340461476,0,66,1,0,0,0,0,0,0,0,0,0,0
1931,340461476,0,67,2,0,0,0,0,0,0,0,0,0,0
1931,340461476,0,68,1,0,0,0,0,0,0,0,0,0,0
1931,340461476,0,69,2,0,0,0,0,0,0,0,0,0,0
1931,340461476,0,70,2,0,0,0,0,0,0,0,0,0,0
1931,340461476,0,71,0,0,0,0,0,0,0,0,0,0,0
1931,340461476,0,72,0,0,0,0,0,0,0,0,0,0,0
1931,340461476,0,73,1,0,0,0,0,0,0,0,0,0,0
1931,340461476,0,74,2,0,0,0,0,0,0,0,0,0,0
1931,340461476,0,75,1,0,0,0,0,0,0,0,0,0,0
1931,340461476,0,76,1,0,1,0,0,0,0,0,1,0,1
1931,340461476,0,77,0,0,0,0,0,0,0,0,0,0,0
1931,340461476,0,78,1,0,0,0,0,0,0,0,0,0,0
1931,340461476,0,79,1,0,0,0,0,0,0,0,0,0,0
1931,340461476,0,80,0,0,0,0,0,0,0,0,0,0,0
1931,340461476,0,81,1,0,0,0,0,0,0,0,0,0,0
1931,340461476,0,82,1,0,0,0,0,0,0,0,0,0,0
1931,340461476,0,83,0,0,0,0,0,0,0,0,0,0,0
1931,340461476,0,84,0,0,0,0,0,0,0,0,0,0,0
1931,340461476,0,85,0,0,0,0,0,0,0,0,0,0,0
1931,340461476,0,86,1,0,0,0,0,0,0,0,0,0,0
1931,340461476,0,87,0,0,0,0,0,0,0,0,0,0,0
1931,340461476,0,88,1,0,0,0,0,0,0,0,0,0,0
1931,340461476,0,89,1,0,0,0,0,0,0,0,0,0,0
1931,340461476,0,90,0,0,0,0,0,0,0,0,0,0,0
1931,340461476,0,91,0,0,0,0,0,0,0,0,0,0,0
1931,340461476,0,92,0,0,0,0,0,0,0,0,0,0,0
1931,340461476,0,93,0,0,0,0,0,0,0,0,0,0,0
1931,340461476,0,94,0,0,0,0,0,0,0,0,0,0,0
1931,340461476,0,95,0,0,0,0,0,0,0,0,0,0,0
1931,340461476,0,96,0,0,0,0,0,0,0,0,0,0,0
1931,340461476,0,97,0,0,0,0,0,0,0,0,0,0,0
1931,340461476,0,98,0,0,0,0,0,0,0,0,0,0,0
1931,340461476,0,99,0,0,0,0,0,0,0,0,0,0,0
1931,340461476,1,0,97,0,11,0,0,0,0,0,9,2,11
1931,340461476,1,1,11,2,2,0,0,0,0,0,0,0,2
1931,340461476,1,2,12,0,2,0,0,0,0,0,1,1,2
1931,340461476,1,3,13,0,2,0,0,0,0,0,2,0,2
1931,340461476,1,4,19,0,2,0,0,0,0,0,1,1,2
1931,340461476,1,5,15,0,2,0,0,0,0,0,2,0,2
1931,340461476,1,6,11,0,2,0,0,0,0,0,2,0,2
1931,340461476,1,7,16,0,6,0,0,0,0,0,5,1,6
1931,340461476,1,8,15,0,1,0,0,0,0,0,0,1,1
1931,340461476,1,9,16,0,2,0,0,0,0,0,2,0,2
1931,340461476,1,10,13,0,0,0,0,0,0,0,0,0,0
1931,340461476,1,11,4,0,1,0,0,0,0,0,1,0,1
1931,340461476,1,12,14,0,1,0,0,0,0,0,1,0,1
1931,340461476,1,13,12,0,0,0,0,0,0,0,0,0,0
1931,340461476,1,14,6,0,0,0,0,0,0,0,0,0,0
1931,340461476,1,15,15,0,2,0,0,0,0,0,2,0,2
1931,340461476,1,16,14,1,2,0,0,0,0,0,1,0,2
1931,340461476,1,17,7,0,0,0,0,0,0,0,0,0,0
1931,340461476,1,18,7,0,0,0,0,0,0,0,0,0,0
1931,340461476,1,19,8,1,1,0,0,0,0,0,0,0,1
1931,340461476,1,20,13,0,1,0,0,0,0,0,1,0,1
1931,340461476,1,21,6,0,2,0,0,0,0,0,2,0,2
1931,340461476,1,22,7,0,0,0,0,0,0,0,0,0,0
1931,340461476,1,23,5,0,1,0,0,0,0,0,1,0,1
1931,340461476,1,24,13,0,0,0,0,0,0,0,0,0,0
1931,340461476,1,25,8,0,0,0,0,0,0,0,0,0,0
1931,340461476,1,26,6,0,2,0,0,0,0,0,1,1,2
1931,340461476,1,27,3,0,0,0,0,0,0,0,0,0,0
1931,340461476,1,28,7,0,2,0,0,0,0,1,2,0,2
1931,340461476,1,29,6,2,2,1,1,0,0,0,1,0,2
1931,340461476,1,30,9,1,1,1,0,0,0,1,1,1,1
1931,340461476,1,31,6,0,1,0,0,0,0,0,1,0,1
1931,340461476,1,32,5,0,1,0,0,0,0,0,1,0,1
1931,340461476,1,33,5,0,0,0,0,0,0,0,0,0,0
1931,340461476,1,34,4,0,0,0,0,0,0,0,0,0,0
1931,340461476,1,35,5,0,1,0,0,0,0,0,1,0,1
1931,340461476,1,36,7,0,1,0,0,0,0,0,1,0,1
1931,340461476,1,37,5,0,0,0,0,0,0,0,0,0,0
1931,340461476,1,38,11,0,0,0,0,0,0,0,0,0,0
1931,340461476,1,39,6,0,1,0,0,0,0,0,1,0,1
1931,340461476,1,40,7,0,1,0,0,0,0,0,1,0,1
1931,340461476,1,41,6,0,0,0,0,0,0,0,0,0,0
1931,340461476,1,42,6,0,0,0,0,0,0,0,0,0,0
1931,340461476,1,43,7,0,0,0,0,0,0,0,0,0,0
1931,340461476,1,44,7,1,1,0,0,0,0,0,0,0,1
1931,340461476,1,45,8,0,0,0,0,0,0,0,0,0,0
1931,340461476,1,46,9,0,2,0,0,0,0,0,2,0,2
1931,340461476,1,47,3,0,1,0,0,0,0,0,1,0,1
1931,340461476,1,48,5,0,2,0,0,0,0,0,2,0,2
1931,340461476,1,49,5,0,1,0,0,0,0,0,1,0,1
1931,340461476,1,50,6,0,0,0,0,0,0,0,0,0,0
1931,340461476,1,51,4,0,1,0,0,0,0,0,0,1,1
1931,340461476,1,52,4,0,0,0,0,0,0,0,0,0,0
1931,340461476,1,53,5,0,0,0,0,0,0,0,0,0,0
1931,340461476,1,54,6,0,2,0,0,0,0,0,1,1,2
1931,340461476,1,55,5,0,0,0,0,0,0,0,0,0,0
1931,340461476,1,56,1,0,1,0,0,0,0,0,1,0,1
1931,340461476,1,57,1,0,0,0,0,0,0,0,0,0,0
1931,340461476,1,58,3,0,0,0,0,0,0,0,0,0,0
1931,340461476,1,59,2,0,1,0,0,0,0,0,1,0,1
1931,340461476,1,60,5,0,0,0,0,0,0,0,0,0,0
1931,340461476,1,61,0,0,0,0,0,0,0,0,0,0,0
1931,340461476,1,62,4,0,0,0,0,0,0,0,0,0,0
1931,340461476,1,63,3,0,1,0,0,0,0,0,1,0,1
1931,340461476,1,64,4,1,1,0,1,0,0,0,1,0,1
1931,340461476,1,65,2,1,1,0,1,0,0,0,1,0,1
1931,340461476,1,66,0,0,0,0,0,0,0,0,0,0,0
1931,340461476,1,67,0,0,0,0,0,0,0,0,0,0,0
1931,340461476,1,68,3,0,0,0,0,0,0,0,0,0,0
1931,340461476,1,69,0,0,0,0,0,0,0,0,0,0,0
1931,340461476,1,70,3,0,0,0,0,0,0,0,0,0,0
1931,340461476,1,71,1,0,0,0,0,0,0,0,0,0,0
1931,340461476,1,72,2,0,0,0,0,0,0,0,0,0,0
1931,340461476,1,73,0,0,0,0,0,0,0,0,0,0,0
1931,340461476,1,74,1,0,0,0,0,0,0,0,0,0,0
1931,340461476,1,75,0,0,0,0,0,0,0,0,0,0,0
1931,340461476,1,76,2,0,0,0,0,0,0,0,0,0,0
1931,340461476,1,77,0,0,0,0,0,0,0,0,0,0,0
1931,340461476,1,78,1,0,0,0,0,0,0,0,0,0,0
1931,340461476,1,79,0,0,0,0,0,0,0,0,0,0,0
1931,340461476,1,80,2,0,0,0,0,0,0,0,0,0,0
1931,340461476,1,81,1,0,0,0,0,0,0,0,0,0,0
1931,340461476,1,82,0,0,0,0,0,0,0,0,0,0,0
1931,340461476,1,83,0,0,0,0,0,0,0,0,0,0,0
1931,340461476,1,84,0,0,0,0,0,0,0,0,0,0,0
1931,340461476,1,85,0,0,0,0,0,0,0,0,0,0,0
1931,340461476,1,86,0,0,0,0,0,0,0,0,0,0,0
1931,340461476,1,87,0,0,0,0,0,0,0,0,0,0,0
1931,340461476,1,88,0,0,0,0,0,0,0,0,0,0,0
1931,340461476,1,89,0,0,0,0,0,0,0,0,0,0,0
1931,340461476,1,90,0,0,0,0,0,0,0,0,0,0,0
1931,340461476,1,91,0,0,0,0,0,0,0,0,0,0,0
1931,340461476,1,92,0,0,0,0,0,0,0,0,0,0,0
1931,340461476,1,93,0,0,0,0,0,0,0,0,0,0,0
1931,340461476,1,94,0,0,0,0,0,0,0,0,0,0,0
1931,340461476,1,95,0,0,0,0,0,0,0,0,0,0,0
1931,340461476,1,96,0,0,0,0,0,0,0,0,0,0,0
1931,340461476,1,97,0,0,0,0,0,0,0,0,0,0,0
1931,340461476,1,98,0,0,0,0,0,0,0,0,0,0,0
1931,340461476,1,99,0,0,0,0,0,0,0,0,0,0,0
1932,340461476,0,0,79,0,8,0,0,0,0,0,7,2,8
1932,340461476,0,1,91,0,10,0,0,0,0,0,9,2,10
1932,340461476,0,2,7,0,3,0,0,0,0,0,2,0,3
1932,340461476,0,3,12,0,0,0,0,0,0,0,1,0,0
1932,340461476,0,4,16,0,0,0,0,0,0,0,0,0,0
1932,340461476,0,5,9,1,2,0,0,0,0,0,1,0,2
1932,340461476,0,6,14,0,3,0,0,0,0,0,2,1,3
1932,340461476,0,7,6,0,1,0,0,0,0,0,0,0,1
1932,340461476,0,8,9,0,2,0,0,0,0,0,5,0,2
1932,340461476,0,9,15,0,8,0,0,0,0,0,9,0,8
1932,340461476,0,10,10,0,0,0,0,0,0,0,0,0,0
1932,340461476,0,11,8,0,0,0,0,0,0,0,0,0,0
1932,340461476,0,12,8,0,1,0,0,0,0,0,1,0,1
1932,340461476,0,13,11,0,3,0,0,0,0,0,2,1,3
1932,340461476,0,14,17,0,1,0,0,0,0,0,2,0,1
1932,340461476,0,15,11,0,1,0,0,0,0,0,1,0,1
1932,340461476,0,16,10,0,2,0,0,0,0,0,2,0,2
1932,340461476,0,17,7,1,1,0,1,0,0,0,1,0,1
1932,340461476,0,18,12,0,2,0,0,0,0,0,2,0,2
1932,340461476,0,19,11,0,0,0,0,0,0,0,0,0,0
1932,340461476,0,20,11,0,2,0,0,0,0,0,1,1,2
1932,340461476,0,21,7,0,0,0,0,0,0,0,0,0,0
1932,340461476,0,22,9,0,1,0,0,0,0,0,1,0,1
1932,340461476,0,23,8,0,0,0,0,0,0,0,0,0,0
1932,340461476,0,24,6,0,3,0,0,0,0,0,3,0,3
1932,340461476,0,25,12,0,1,0,0,0,0,0,1,0,1
1932,340461476,0,26,10,0,0,0,0,0,0,0,0,0,0
1932,340461476,0,27,6,1,2,0,1,0,0,0,2,0,2
1932,340461476,0,28,7,0,2,0,0,0,0,0,1,0,2
1932,340461476,0,29,7,0,1,0,0,0,0,0,2,0,1
1932,340461476,0,30,11,1,2,0,1,0,0,0,2,0,2
1932,340461476,0,31,8,0,2,0,0,0,0,0,2,0,2
1932,340461476,0,32,11,0,3,0,0,0,0,0,2,1,3
1932,340461476,0,33,7,0,1,0,0,0,0,0,1,0,1
1932,340461476,0,34,7,0,2,0,0,0,0,0,2,0,2
1932,340461476,0,35,8,1,2,0,1,0,0,0,2,0,2
1932,340461476,0,36,8,0,0,0,0,0,0,0,0,0,0
1932,340461476,0,37,9,0,1,0,0,0,0,0,1,0,1
1932,340461476,0,38,5,1,1,0,1,0,0,0,1,0,1
1932,340461476,0,39,3,0,2,0,0,0,0,0,1,1,2
1932,340461476,0,40,2,0,0,0,0,0,0,0,0,0,0
1932,340461476,0,41,6,1,1,0,1,0,0,0,1,0,1
1932,340461476,0,42,12,1,2,0,1,0,0,0,2,0,2
1932,340461476,0,43,9,0,0,0,0,0,0,0,0,0,0
1932,340461476,0,44,6,0,0,0,0,0,0,0,0,0,0
1932,340461476,0,45,9,1,3,0,0,1,0,0,2,1,3
1932,340461476,0,46,2,0,0,0,0,0,0,0,0,0,0
1932,340461476,0,47,3,0,0,0,0,0,0,0,0,0,0
1932,340461476,0,48,3,0,0,0,0,0,0,0,0,0,0
1932,340461476,0,49,4,0,0,0,0,0,0,0,0,0,0
1932,340461476,0,50,2,0,0,0,0,0,0,0,0,0,0
1932,340461476,0,51,5,0,0,0,0,0,0,0,0,0,0
1932,340461476,0,52,3,0,0,0,0,0,0,0,0,1,0
1932,340461476,0,53,5,0,0,0,0,0,0,0,0,0,0
1932,340461476,0,54,2,0,0,0,0,0,0,0,0,0,0
1932,340461476,0,55,3,0,0,0,0,0,0,0,0,0,0
1932,340461476,0,56,4,0,0,0,0,0,0,0,0,0,0
1932,340461476,0,57,4,0,1,0,0,0,0,0,1,0,1
1932,340461476,0,58,8,0,1,0,0,0,0,0,1,0,1
1932,340461476,0,59,6,0,2,0,0,0,0,0,2,0,2
1932,340461476,0,60,4,2,5,0,2,0,0,0,4,1,5
1932,340461476,0,61,6,0,0,0,0,0,0,0,0,0,0
1932,340461476,0,62,0,0,0,0,0,0,0,0,0,0,0
1932,340461476,0,63,2,0,0,0,0,0,0,0,0,0,0
1932,340461476,0,64,3,0,0,0,0,0,0,0,0,0,0
1932,340461476,0,65,2,0,0,0,0,0,0,0,0,0,0
1932,340461476,0,66,3,0,0,0,0,0,0,0,0,0,0
1932,340461476,0,67,1,0,0,0,0,0,0,0,0,0,0
1932,340461476,0,68,2,0,0,0,0,0,0,0,0,0,0
1932,340461476,0,69,1,0,0,0,0,0,0,0,0,0,0
1932,340461476,0,70,2,0,0,0,0,0,0,0,0,0,0
1932,340461476,0,71,2,0,0,0,0,0,0,0,0,0,0
1932,340461476,0,72,0,0,0,0,0,0,0,0,0,0,0
1932,340461476,0,73,0,0,0,0,0,0,0,0,0,0,0
1932,340461476,0,74,1,0,0,0,0,0,0,0,0,0,0
1932,340461476,0,75,2,0,0,0,0,0,0,0,0,0,0
1932,340461476,0,76,1,0,0,0,0,0,0,0,0,0,0
1932,340461476,0,77,1,0,0,0,0,0,0,0,0,0,0
1932,340461476,0,78,0,0,0,0,0,0,0,0,0,0,0
1932,340461476,0,79,0,0,0,0,0,0,0,0,0,0,0
1932,340461476,0,80,1,0,1,0,0,0,0,0,1,0,1
1932,340461476,0,81,0,0,0,0,0,0,0,0,0,0,0
1932,340461476,0,82,1,0,0,0,0,0,0,0,0,0,0
1932,340461476,0,83,1,0,0,0,0,0,0,0,0,0,0
1932,340461476,0,84,0,0,0,0,0,0,0,0,0,0,0
1932,340461476,0,85,0,0,0,0,0,0,0,0,0,0,0
1932,340461476,0,86,0,0,0,0,0,0,0,0,0,0,0
1932,340461476,0,87,1,0,0,0,0,0,0,0,0,0,0
1932,340461476,0,88,0,0,0,0,0,0,0,0,0,0,0
1932,340461476,0,89,1,0,0,0,0,0,0,0,0,0,0
1932,340461476,0,90,1,0,0,0,0,0,0,0,0,0,0
1932,340461476,0,91,0,0,0,0,0,0,0,0,0,0,0
1932,340461476,0,92,0,0,0,0,0,0,0,0,0,0,0
1932,340461476,0,93,0,0,0,0,0,0,0,0,0,0,0
1932,340461476,0,94,0,0,0,0,0,0,0,0,0,0,0
1932,340461476,0,95,0,0,0,0,0,0,0,0,0,0,0
1932,340461476,0,96,0,0,0,0,0,0,0,0,0,0,0
1932,340461476,0,97,0,0,0,0,0,0,0,0,0,0,0
1932,340461476,0,98,0,0,0,0,0,0,0,0,0,0,0
1932,340461476,0,99,0,0,0,0,0,0,0,0,0,0,0
1932,340461476,1,0,67,0,11,0,0,0,0,0,8,2,11
1932,340461476,1,1,95,3,11,0,1,0,0,0,11,1,11
1932,340461476,1,2,11,0,2,0,0,0,0,0,2,0,2
1932,340461476,1,3,12,0,0,0,0,0,0,0,0,0,0
1932,340461476,1,4,13,0,4,0,0,0,0,0,4,0,4
1932,340461476,1,5,19,0,0,0,0,0,0,0,0,0,0
1932,340461476,1,6,15,0,2,0,0,0,0,0,2,0,2
1932,340461476,1,7,10,1,1,0,0,0,0,0,0,0,1
1932,340461476,1,8,16,0,0,0,0,0,0,0,0,0,0
1932,340461476,1,9,15,0,3,0,0,0,0,0,3,0,3
1932,340461476,1,10,16,0,2,0,0,0,0,0,2,0,2
1932,340461476,1,11,13,0,0,0,0,0,0,0,0,0,0
1932,340461476,1,12,4,0,0,0,0,0,0,0,0,0,0
1932,340461476,1,13,14,0,1,0,0,0,0,0,0,0,1
1932,340461476,1,14,12,0,1,0,0,0,0,0,2,0,1
1932,340461476,1,15,6,0,0,0,0,0,0,0,0,0,0
1932,340461476,1,16,15,0,2,0,0,0,0,0,3,0,2
1932,340461476,1,17,14,0,1,0,0,0,0,0,1,0,1
1932,340461476,1,18,7,0,0,0,0,0,0,0,0,0,0
1932,340461476,1,19,7,0,1,0,0,0,0,0,2,0,1
1932,340461476,1,20,8,0,4,0,0,0,0,0,4,0,4
1932,340461476,1,21,13,0,0,0,0,0,0,0,0,0,0
1932,340461476,1,22,6,0,1,0,0,0,0,0,1,0,1
1932,340461476,1,23,7,0,0,0,0,0,0,0,0,0,0
1932,340461476,1,24,5,0,0,0,0,0,0,0,0,0,0
1932,340461476,1,25,13,0,2,0,0,0,0,0,1,1,2
1932,340461476,1,26,8,0,0,0,0,0,0,0,0,0,0
1932,340461476,1,27,6,0,0,0,0,0,0,0,0,0,0
1932,340461476,1,28,3,0,0,0,0,0,0,0,0,0,0
1932,340461476,1,29,7,0,1,0,0,0,0,0,1,0,1
1932,340461476,1,30,6,1,1,1,0,0,0,0,0,0,1
1932,340461476,1,31,9,1,2,1,0,0,0,0,3,0,2
1932,340461476,1,32,6,0,0,0,0,0,0,0,0,0,0
1932,340461476,1,33,5,0,0,0,0,0,0,0,0,0,0
1932,340461476,1,34,5,0,2,0,0,0,0,0,2,0,2
1932,340461476,1,35,4,0,0,0,0,0,0,0,0,0,0
1932,340461476,1,36,5,0,2,0,0,0,0,0,2,0,2
1932,340461476,1,37,7,0,2,0,0,0,0,0,0,2,2
1932,340461476,1,38,5,0,1,0,0,0,0,0,1,0,1
1932,340461476,1,39,11,0,2,0,0,0,0,0,1,1,2
1932,340461476,1,40,6,0,3,0,0,0,0,0,2,0,3
1932,340461476,1,41,7,0,0,0,0,0,0,0,1,0,0
1932,340461476,1,42,6,0,1,0,0,0,0,0,1,0,1
1932,340461476,1,43,6,0,0,0,0,0,0,0,0,0,0
1932,340461476,1,44,7,0,2,0,0,0,0,0,2,1,2
1932,340461476,1,45,7,0,0,0,0,0,0,0,0,0,0
1932,340461476,1,46,8,0,0,0,0,0,0,0,0,0,0
1932,340461476,1,47,9,0,1,0,0,0,0,0,1,0,1
1932,340461476,1,48,3,0,1,0,0,0,0,0,1,0,1
1932,340461476,1,49,5,0,1,0,0,0,0,0,1,0,1
1932,340461476,1,50,5,0,0,0,0,0,0,0,0,0,0
1932,340461476,1,51,6,0,0,0,0,0,0,0,0,0,0
1932,340461476,1,52,4,0,0,0,0,0,0,0,0,0,0
1932,340461476,1,53,4,0,0,0,0,0,0,0,0,0,0
1932,340461476,1,54,5,0,0,0,0,0,0,0,0,0,0
1932,340461476,1,55,6,0,1,0,0,0,0,0,1,0,1
1932,340461476,1,56,5,0,0,0,0,0,0,0,0,0,0
1932,340461476,1,57,1,0,1,0,0,0,0,0,1,0,1
1932,340461476,1,58,1,0,0,0,0,0,0,0,0,0,0
1932,340461476,1,59,3,0,0,0,0,0,0,0,0,0,0
1932,340461476,1,60,2,0,1,0,0,0,0,0,0,1,1
1932,340461476,1,61,5,0,0,0,0,0,0,0,0,0,0
1932,340461476,1,62,0,0,0,0,0,0,0,0,0,0,0
1932,340461476,1,63,3,0,0,0,0,0,0,0,0,0,0
1932,340461476,1,64,3,0,0,0,0,0,0,0,0,0,0
1932,340461476,1,65,3,0,0,0,0,0,0,0,0,0,0
1932,340461476,1,66,2,0,0,0,0,0,0,0,0,0,0
1932,340461476,1,67,0,0,0,0,0,0,0,0,0,0,0
1932,340461476,1,68,0,0,0,0,0,0,0,0,0,0,0
1932,340461476,1,69,3,0,0,0,0,0,0,0,0,0,0
1932,340461476,1,70,0,0,0,0,0,0,0,0,0,0,0
1932,340461476,1,71,2,0,0,0,0,0,0,0,0,0,0
1932,340461476,1,72,1,0,0,0,0,0,0,0,0,0,0
1932,340461476,1,73,2,0,0,0,0,0,0,0,0,0,0
1932,340461476,1,74,0,0,0,0,0,0,0,0,0,0,0
1932,340461476,1,75,1,0,0,0,0,0,0,0,0,0,0
1932,340461476,1,76,0,0,0,0,0,0,0,0,0,0,0
1932,340461476,1,77,2,0,0,0,0,0,0,0,0,0,0
1932,340461476,1,78,0,0,0,0,0,0,0,0,0,0,0
1932,340461476,1,79,1,0,0,0,0,0,0,0,0,0,0
1932,340461476,1,80,0,0,0,0,0,0,0,0,0,0,0
1932,340461476,1,81,2,0,0,0,0,0,0,0,0,0,0
1932,340461476,1,82,1,0,1,0,0,0,0,0,1,0,1
1932,340461476,1,83,0,0,0,0,0,0,0,0,0,0,0
1932,340461476,1,84,0,0,0,0,0,0,0,0,0,0,0
1932,340461476,1,85,0,0,0,0,0,0,0,0,0,0,0
1932,340461476,1,86,0,0,0,0,0,0,0,0,0,0,0
1932,340461476,1,87,0,0,0,0,0,0,0,0,0,0,0
1932,340461476,1,88,0,0,0,0,0,0,0,0,0,0,0
1932,340461476,1,89,0,0,0,0,0,0,0,0,0,0,0
1932,340461476,1,90,0,0,0,0,0,0,0,0,0,0,0
1932,340461476,1,91,0,0,0,0,0,0,0,0,0,0,0
1932,340461476,1,92,0,0,0,0,0,0,0,0,0,0,0
1932,340461476,1,93,0,0,0,0,0,0,0,0,0,0,0
1932,340461476,1,94,0,0,0,0,0,0,0,0,0,0,0
1932,340461476,1,95,0,0,0,0,0,0,0,0,0,0,0
1932,340461476,1,96,0,0,0,0,0,0,0,0,0,0,0
1932,340461476,1,97,0,0,0,0,0,0,0,0,0,0,0
1932,340461476,1,98,0,0,0,0,0,0,0,0,0,0,0
1932,340461476,1,99,0,0,0,0,0,0,0,0,0,0,0
1933,340461476,0,0,76,0,14,0,0,0,0,0,13,0,14
1933,340461476,0,1,73,1,18,0,0,1,0,0,17,2,18
1933,340461476,0,2,91,1,4,0,1,0,0,0,4,0,4
1933,340461476,0,3,6,0,1,0,0,0,0,0,1,0,1
1933,340461476,0,4,12,1,2,0,1,0,0,0,1,1,2
1933,340461476,0,5,16,0,2,0,0,0,0,0,2,1,2
1933,340461476,0,6,9,0,0,0,0,0,0,0,0,0,0
1933,340461476,0,7,14,0,0,0,0,0,0,0,0,0,0
1933,340461476,0,8,6,0,1,0,0,0,0,0,1,0,1
1933,340461476,0,9,9,0,2,0,0,0,0,0,2,0,2
1933,340461476,0,10,15,0,0,0,0,0,0,0,0,0,0
1933,340461476,0,11,10,0,0,0,0,0,0,0,0,0,0
1933,340461476,0,12,8,0,1,0,0,0,0,0,1,0,1
1933,340461476,0,13,8,0,1,0,0,0,0,0,1,0,1
1933,340461476,0,14,11,1,2,0,0,0,0,0,1,0,2
1933,340461476,0,15,17,0,0,0,0,0,0,0,0,0,0
1933,340461476,0,16,11,0,5,0,0,0,0,0,3,2,5
1933,340461476,0,17,10,0,1,0,0,0,0,0,1,0,1
1933,340461476,0,18,7,0,1,0,0,0,0,0,1,0,1
1933,340461476,0,19,12,1,0,0,1,0,0,0,0,0,0
1933,340461476,0,20,11,0,1,0,0,0,0,0,1,0,1
1933,340461476,0,21,11,0,1,0,0,0,0,0,0,1,1
1933,340461476,0,22,7,0,1,0,0,0,0,0,1,0,1
1933,340461476,0,23,9,0,0,0,0,0,0,0,0,0,0
1933,340461476,0,24,8,0,1,0,0,0,0,0,1,0,1
1933,340461476,0,25,6,0,1,0,0,0,0,0,1,0,1
1933,340461476,0,26,12,0,1,0,0,0,0,0,1,0,1
1933,340461476,0,27,10,0,1,0,0,0,0,0,1,0,1
1933,340461476,0,28,6,0,1,0,0,0,0,0,1,0,1
1933,340461476,0,29,7,0,1,0,0,0,0,0,1,0,1
1933,340461476,0,30,7,1,2,0,1,0,0,0,2,0,2
1933,340461476,0,31,11,0,0,0,0,0,0,0,0,0,0
1933,340461476,0,32,8,0,0,0,0,0,0,0,0,0,0
1933,340461476,0,33,10,0,1,0,0,0,0,0,1,0,1
1933,340461476,0,34,7,0,1,0,0,0,0,0,1,0,1
1933,340461476,0,35,7,0,2,0,0,0,0,0,2,0,2
1933,340461476,0,36,8,0,1,0,0,0,0,0,1,0,1
1933,340461476,0,37,8,0,3,0,0,0,0,0,3,0,3
1933,340461476,0,38,9,0,2,0,0,0,0,0,2,0,2
1933,340461476,0,39,5,0,0,0,0,0,0,0,0,0,0
1933,340461476,0,40,3,0,0,0,0,0,0,0,0,0,0
1933,340461476,0,41,2,0,0,0,0,0,0,0,0,0,0
1933,340461476,0,42,5,0,0,0,0,0,0,0,0,0,0
1933,340461476,0,43,11,0,4,0,0,0,0,0,4,0,4
1933,340461476,0,44,9,0,3,0,0,0,0,0,3,0,3
1933,340461476,0,45,6,0,1,0,0,0,0,0,1,0,1
1933,340461476,0,46,9,0,0,0,0,0,0,0,0,0,0
1933,340461476,0,47,2,0,0,0,0,0,0,0,0,0,0
1933,340461476,0,48,3,0,0,0,0,0,0,0,0,0,0
1933,340461476,0,49,3,0,0,0,0,0,0,0,0,0,0
1933,340461476,0,50,4,0,1,0,0,0,0,0,1,0,1
1933,340461476,0,51,2,0,0,0,0,0,0,0,0,0,0
1933,340461476,0,52,5,0,0,0,0,0,0,0,0,0,0
1933,340461476,0,53,2,0,0,0,0,0,0,0,0,0,0
1933,340461476,0,54,4,0,0,0,0,0,0,0,0,0,0
1933,340461476,0,55,2,0,0,0,0,0,0,0,0,0,0
1933,340461476,0,56,3,0,1,0,0,0,0,0,1,0,1
1933,340461476,0,57,4,0,0,0,0,0,0,0,0,0,0
1933,340461476,0,58,4,0,0,0,0,0,0,0,0,0,0
1933,340461476,0,59,8,0,1,0,0,0,0,0,1,0,1
1933,340461476,0,60,6,0,0,0,0,0,0,0,0,0,0
1933,340461476,0,61,4,0,1,0,0,0,0,0,1,0,1
1933,340461476,0,62,6,0,0,0,0,0,0,0,0,0,0
1933,340461476,0,63,0,0,0,0,0,0,0,0,0,0,0
1933,340461476,0,64,2,0,0,0,0,0,0,0,0,0,0
1933,340461476,0,65,3,0,0,0,0,0,0,0,0,0,0
1933,340461476,0,66,1,0,0,0,0,0,0,0,0,0,0
1933,340461476,0,67,3,1,1,0,1,0,0,0,1,0,1
1933,340461476,0,68,1,0,0,0,0,0,0,0,0,0,0
1933,340461476,0,69,2,0,0,0,0,0,0,0,0,0,0
1933,340461476,0,70,1,0,0,0,0,0,0,0,0,0,0
1933,340461476,0,71,2,0,0,0,0,0,0,0,0,0,0
1933,340461476,0,72,2,1,1,0,1,0,0,0,1,0,1
1933,340461476,0,73,0,0,0,0,0,0,0,0,0,0,0
1933,340461476,0,74,0,0,0,0,0,0,0,0,0,0,0
1933,340461476,0,75,1,0,0,0,0,0,0,0,0,0,0
1933,340461476,0,76,2,0,0,0,0,0,0,0,0,0,0
1933,340461476,0,77,1,0,0,0,0,0,0,0,0,0,0
1933,340461476,0,78,1,0,0,0,0,0,0,0,0,0,0
1933,340461476,0,79,0,0,0,0,0,0,0,0,0,0,0
1933,340461476,0,80,0,0,0,0,0,0,0,0,0,0,0
1933,340461476,0,81,1,0,0,0,0,0,0,0,0,0,0
1933,340461476,0,82,0,0,0,0,0,0,0,0,0,0,0
1933,340461476,0,83,1,0,0,0,0,0,0,0,0,0,0
1933,340461476,0,84,1,0,0,0,0,0,0,0,0,0,0
1933,340461476,0,85,0,0,0,0,0,0,0,0,0,0,0
1933,340461476,0,86,0,0,0,0,0,0,0,0,0,0,0
1933,340461476,0,87,0,0,0,0,0,0,0,0,0,0,0
1933,340461476,0,88,1,0,0,0,0,0,0,0,0,0,0
1933,340461476,0,89,0,0,0,0,0,0,0,0,0,0,0
1933,340461476,0,90,1,0,0,0,0,0,0,0,0,0,0
1933,340461476,0,91,1,0,0,0,0,0,0,0,0,0,0
1933,340461476,0,92,0,0,0,0,0,0,0,0,0,0,0
1933,340461476,0,93,0,0,0,0,0,0,0,0,0,0,0
1933,340461476,0,94,0,0,0,0,0,0,0,0,0,0,0
1933,340461476,0,95,0,0,0,0,0,0,0,0,0,0,0
1933,340461476,0,96,0,0,0,0,0,0,0,0,0,0,0
1933,340461476,0,97,0,0,0,0,0,0,0,0,0,0,0
1933,340461476,0,98,0,0,0,0,0,0,0,0,0,0,0
1933,340461476,0,99,0,0,0,0,0,0,0,0,0,0,0
1933,340461476,1,0,78,2,6,0,2,0,0,0,6,0,6
1933,340461476,1,1,62,0,13,0,0,0,0,0,14,1,13
1933,340461476,1,2,93,1,8,0,1,0,0,0,8,0,8
1933,340461476,1,3,11,0,0,0,0,0,0,0,0,0,0
1933,340461476,1,4,12,0,1,0,0,0,0,0,1,0,1
1933,340461476,1,5,13,0,4,0,0,0,0,0,3,1,4
1933,340461476,1,6,19,0,4,0,0,0,0,0,4,0,4
1933,340461476,1,7,15,0,2,0,0,0,0,0,0,3,2
1933,340461476,1,8,10,0,0,0,0,0,0,0,0,0,0
1933,340461476,1,9,16,0,4,0,0,0,0,0,3,1,4
1933,340461476,1,10,15,0,3,0,0,0,0,0,3,0,3
1933,340461476,1,11,16,0,1,0,0,0,0,0,1,0,1
1933,340461476,1,12,13,0,1,0,0,0,0,0,0,0,1
1933,340461476,1,13,4,0,1,0,0,0,0,0,1,1,1
1933,340461476,1,14,14,0,3,0,0,0,0,0,3,0,3
1933,340461476,1,15,12,0,1,0,0,0,0,0,1,0,1
1933,340461476,1,16,6,0,1,0,0,0,0,0,0,1,1
1933,340461476,1,17,15,0,1,0,0,0,0,0,1,0,1
1933,340461476,1,18,14,0,1,0,0,0,0,0,1,0,1
1933,340461476,1,19,7,0,0,0,0,0,0,0,0,0,0
1933,340461476,1,20,7,0,1,0,0,0,0,0,1,0,1
1933,340461476,1,21,8,0,1,0,0,0,0,0,1,0,1
1933,340461476,1,22,13,0,1,0,0,0,0,0,1,0,1
1933,340461476,1,23,6,0,0,0,0,0,0,0,0,0,0
1933,340461476,1,24,7,0,1,0,0,0,0,0,1,0,1
1933,340461476,1,25,5,1,4,1,0,0,0,1,4,0,4
1933,340461476,1,26,13,0,2,0,0,0,0,0,2,0,2
1933,340461476,1,27,8,0,1,0,0,0,0,0,1,0,1
1933,340461476,1,28,6,0,1,0,0,0,0,0,1,0,1
1933,340461476,1,29,3,0,1,0,0,0,0,0,1,0,1
1933,340461476,1,30,7,0,0,0,0,0,0,0,0,0,0
1933,340461476,1,31,6,1,0,1,0,0,0,0,0,0,0
1933,340461476,1,32,9,1,2,1,0,0,0,0,2,0,2
1933,340461476,1,33,6,0,1,0,0,0,0,1,1,0,1
1933,340461476,1,34,5,1,0,1,0,0,0,0,0,0,0
1933,340461476,1,35,5,0,0,0,0,0,0,0,0,0,0
1933,340461476,1,36,4,1,1,0,1,0,0,0,1,0,1
1933,340461476,1,37,5,0,0,0,0,0,0,0,0,0,0
1933,340461476,1,38,7,0,0,0,0,0,0,0,0,0,0
1933,340461476,1,39,5,0,1,0,0,0,0,0,1,0,1
1933,340461476,1,40,9,0,0,0,0,0,0,0,0,0,0
1933,340461476,1,41,6,0,1,0,0,0,0,0,1,0,1
1933,340461476,1,42,7,0,0,0,0,0,0,0,0,0,0
1933,340461476,1,43,6,0,0,0,0,0,0,0,0,0,0
1933,340461476,1,44,6,0,0,0,0,0,0,0,0,0,0
1933,340461476,1,45,7,0,0,0,0,0,0,0,0,0,0
1933,340461476,1,46,7,0,0,0,0,0,0,0,0,0,0
1933,340461476,1,47,8,0,0,0,0,0,0,0,0,0,0
1933,340461476,1,48,9,0,1,0,0,0,0,0,1,0,1
1933,340461476,1,49,3,0,0,0,0,0,0,0,0,0,0
1933,340461476,1,50,5,0,3,0,0,0,0,0,3,0,3
1933,340461476,1,51,4,0,0,0,0,0,0,0,0,0,0
1933,340461476,1,52,6,0,1,0,0,0,0,0,1,0,1
1933,340461476,1,53,4,1,2,1,0,0,0,1,2,0,2
1933,340461476,1,54,4,0,0,0,0,0,0,0,0,0,0
1933,340461476,1,55,5,0,0,0,0,0,0,0,0,0,0
1933,340461476,1,56,6,0,1,0,0,0,0,0,1,0,1
1933,340461476,1,57,5,0,1,0,0,0,0,0,1,0,1
1933,340461476,1,58,1,0,0,0,0,0,0,0,0,0,0
1933,340461476,1,59,1,0,0,0,0,0,0,0,0,0,0
1933,340461476,1,60,3,0,1,0,0,0,0,0,1,0,1
1933,340461476,1,61,2,0,0,0,0,0,0,0,0,0,0
1933,340461476,1,62,5,0,0,0,0,0,0,0,0,0,0
1933,340461476,1,63,0,0,0,0,0,0,0,0,0,0,0
1933,340461476,1,64,3,0,0,0,0,0,0,0,0,0,0
1933,340461476,1,65,3,0,0,0,0,0,0,0,0,0,0
1933,340461476,1,66,3,0,0,0,0,0,0,0,0,0,0
1933,340461476,1,67,2,0,0,0,0,0,0,0,0,0,0
1933,340461476,1,68,0,0,0,0,0,0,0,0,0,0,0
1933,340461476,1,69,0,0,0,0,0,0,0,0,0,0,0
1933,340461476,1,70,3,0,0,0,0,0,0,0,0,0,0
1933,340461476,1,71,0,0,0,0,0,0,0,0,0,0,0
1933,340461476,1,72,2,0,0,0,0,0,0,0,0,0,0
1933,340461476,1,73,1,0,0,0,0,0,0,0,0,0,0
1933,340461476,1,74,2,0,0,0,0,0,0,0,0,0,0
1933,340461476,1,75,0,0,0,0,0,0,0,0,0,0,0
1933,340461476,1,76,1,0,1,0,0,0,0,0,1,0,1
1933,340461476,1,77,0,0,0,0,0,0,0,0,0,0,0
1933,340461476,1,78,2,0,0,0,0,0,0,0,0,0,0
1933,340461476,1,79,0,0,0,0,0,0,0,0,0,0,0
1933,340461476,1,80,1,0,0,0,0,0,0,0,0,0,0
1933,340461476,1,81,0,0,0,0,0,0,0,0,0,0,0
1933,340461476,1,82,2,0,0,0,0,0,0,0,0,0,0
1933,340461476,1,83,1,0,0,0,0,0,0,0,0,0,0
1933,340461476,1,84,0,0,0,0,0,0,0,0,0,0,0
1933,340461476,1,85,0,0,0,0,0,0,0,0,0,0,0
1933,340461476,1,86,0,0,0,0,0,0,0,0,0,0,0
1933,340461476,1,87,0,0,0,0,0,0,0,0,0,0,0
1933,340461476,1,88,0,0,0,0,0,0,0,0,0,0,0
1933,340461476,1,89,0,0,0,0,0,0,0,0,0,0,0
1933,340461476,1,90,0,0,0,0,0,0,0,0,0,0,0
1933,340461476,1,91,0,0,0,0,0,0,0,0,0,0,0
1933,340461476,1,92,0,0,0,0,0,0,0,0,0,0,0
1933,340461476,1,93,0,0,0,0,0,0,0,0,0,0,0
1933,340461476,1,94,0,0,0,0,0,0,0,0,0,0,0
1933,340461476,1,95,0,0,0,0,0,0,0,0,0,0,0
1933,340461476,1,96,0,0,0,0,0,0,0,0,0,0,0
1933,340461476,1,97,0,0,0,0,0,0,0,0,0,0,0
1933,340461476,1,98,0,0,0,0,0,0,0,0,0,0,0
1933,340461476,1,99,0,0,0,0,0,0,0,0,0,0,0
1934,340461476,0,0,70,1,6,0,0,1,0,0,5,1,6
1934,340461476,0,1,67,1,8,0,1,0,0,0,8,0,8
1934,340461476,0,2,72,1,16,0,0,1,0,0,12,4,16
1934,340461476,0,3,90,3,10,0,2,1,0,0,9,1,10
1934,340461476,0,4,6,0,3,0,0,0,0,0,3,0,3
1934,340461476,0,5,12,0,1,0,0,0,0,0,0,1,1
1934,340461476,0,6,16,0,2,0,0,0,0,0,1,1,2
1934,340461476,0,7,9,0,4,0,0,0,0,0,3,1,4
1934,340461476,0,8,14,0,0,0,0,0,0,0,0,0,0
1934,340461476,0,9,6,0,0,0,0,0,0,0,0,0,0
1934,340461476,0,10,9,0,0,0,0,0,0,0,0,0,0
1934,340461476,0,11,14,0,2,0,0,0,0,0,1,1,2
1934,340461476,0,12,10,0,1,0,0,0,0,0,1,0,1
1934,340461476,0,13,8,0,1,0,0,0,0,0,1,0,1
1934,340461476,0,14,8,0,2,0,0,0,0,0,3,0,2
1934,340461476,0,15,11,0,2,0,0,0,0,0,2,0,2
1934,340461476,0,16,17,0,1,0,0,0,0,0,1,0,1
1934,340461476,0,17,11,0,1,0,0,0,0,0,1,0,1
1934,340461476,0,18,10,1,2,0,1,0,0,0,2,0,2
1934,340461476,0,19,6,0,0,0,0,0,0,0,0,0,0
1934,340461476,0,20,12,0,2,0,0,0,0,0,2,0,2
1934,340461476,0,21,11,0,0,0,0,0,0,0,0,0,0
1934,340461476,0,22,11,0,0,0,0,0,0,0,0,0,0
1934,340461476,0,23,7,0,0,0,0,0,0,0,0,0,0
1934,340461476,0,24,8,0,0,0,0,0,0,0,0,0,0
1934,340461476,0,25,8,0,2,0,0,0,0,0,2,0,2
1934,340461476,0,26,6,0,1,0,0,0,0,0,1,0,1
1934,340461476,0,27,12,0,2,0,0,0,0,0,1,1,2
1934,340461476,0,28,10,0,0,0,0,0,0,0,0,0,0
1934,340461476,0,29,6,0,0,0,0,0,0,0,0,0,0
1934,340461476,0,30,7,0,1,0,0,0,0,0,1,0,1
1934,340461476,0,31,7,0,3,0,0,0,0,0,2,1,3
1934,340461476,0,32,10,0,0,0,0,0,0,0,0,0,0
1934,340461476,0,33,8,0,0,0,0,0,0,0,0,0,0
1934,340461476,0,34,10,0,0,0,0,0,0,0,0,0,0
1934,340461476,0,35,7,0,1,0,0,0,0,0,1,0,1
1934,340461476,0,36,7,0,1,0,0,0,0,0,1,0,1
1934,340461476,0,37,7,0,3,0,0,0,0,0,3,0,3
1934,340461476,0,38,8,0,1,0,0,0,0,0,1,0,1
1934,340461476,0,39,9,0,1,0,0,0,0,0,1,0,1
1934,340461476,0,40,5,0,2,0,0,0,0,0,2,0,2
1934,340461476,0,41,3,0,1,0,0,0,0,0,0,1,1
1934,340461476,0,42,2,0,0,0,0,0,0,0,0,0,0
1934,340461476,0,43,5,0,1,0,0,0,0,0,1,0,1
1934,340461476,0,44,11,0,1,0,0,0,0,0,0,1,1
1934,340461476,0,45,9,1,2,0,1,0,0,0,2,0,2
1934,340461476,0,46,6,0,0,0,0,0,0,0,0,0,0
1934,340461476,0,47,9,0,0,0,0,0,0,0,0,0,0
1934,340461476,0,48,2,0,0,0,0,0,0,0,0,0,0
1934,340461476,0,49,3,0,1,0,0,0,0,0,1,0,1
1934,340461476,0,50,3,0,0,0,0,0,0,0,0,0,0
1934,340461476,0,51,4,0,0,0,0,0,0,0,0,0,0
1934,340461476,0,52,2,0,1,0,0,0,0,0,1,0,1
1934,340461476,0,53,5,0,0,0,0,0,0,0,0,0,0
1934,340461476,0,54,2,0,0,0,0,0,0,0,0,0,0
1934,340461476,0,55,4,0,0,0,0,0,0,0,0,0,0
1934,340461476,0,56,2,0,0,0,0,0,0,0,0,0,0
1934,340461476,0,57,3,0,0,0,0,0,0,0,0,0,0
1934,340461476,0,58,4,0,0,0,0,0,0,0,0,0,0
1934,340461476,0,59,4,0,0,0,0,0,0,0,0,0,0
1934,340461476,0,60,8,0,2,0,0,0,0,0,1,0,2
1934,340461476,0,61,5,0,0,0,0,0,0,0,1,0,0
1934,340461476,0,62,4,0,0,0,0,0,0,0,0,0,0
1934,340461476,0,63,6,0,0,0,0,0,0,0,0,0,0
1934,340461476,0,64,0,0,0,0,0,0,0,0,0,0,0
1934,340461476,0,65,2,0,1,0,0,0,0,0,1,0,1
1934,340461476,0,66,3,0,0,0,0,0,0,0,0,0,0
1934,340461476,0,67,1,0,0,0,0,0,0,0,0,0,0
1934,340461476,0,68,3,0,0,0,0,0,0,0,0,0,0
1934,340461476,0,69,1,0,0,0,0,0,0,0,0,0,0
1934,340461476,0,70,2,0,0,0,0,0,0,0,0,0,0
1934,340461476,0,71,1,0,1,0,0,0,0,0,1,0,1
1934,340461476,0,72,2,0,0,0,0,0,0,0,0,0,0
1934,340461476,0,73,2,0,0,0,0,0,0,0,0,0,0
1934,340461476,0,74,0,0,0,0,0,0,0,0,0,0,0
1934,340461476,0,75,0,0,0,0,0,0,0,0,0,0,0
1934,340461476,0,76,1,0,0,0,0,0,0,0,0,0,0
1934,340461476,0,77,2,0,0,0,0,0,0,0,0,0,0
1934,340461476,0,78,1,0,0,0,0,0,0,0,0,0,0
1934,340461476,0,79,1,0,0,0,0,0,0,0,0,0,0
1934,340461476,0,80,0,0,0,0,0,0,0,0,0,0,0
1934,340461476,0,81,0,0,0,0,0,0,0,0,0,0,0
1934,340461476,0,82,1,0,0,0,0,0,0,0,0,0,0
1934,340461476,0,83,0,0,0,0,0,0,0,0,0,0,0
1934,340461476,0,84,1,0,0,0,0,0,0,0,0,0,0
1934,340461476,0,85,1,0,0,0,0,0,0,0,0,0,0
1934,340461476,0,86,0,0,0,0,0,0,0,0,0,0,0
1934,340461476,0,87,0,0,0,0,0,0,0,0,0,0,0
1934,340461476,0,88,0,0,0,0,0,0,0,0,0,0,0
1934,340461476,0,89,1,0,0,0,0,0,0,0,0,0,0
1934,340461476,0,90,0,0,0,0,0,0,0,0,0,0,0
1934,340461476,0,91,1,0,0,0,0,0,0,0,0,0,0
1934,340461476,0,92,1,0,1,0,0,0,0,0,1,0,1
1934,340461476,0,93,0,0,0,0,0,0,0,0,0,0,0
1934,340461476,0,94,0,0,0,0,0,0,0,0,0,0,0
1934,340461476,0,95,0,0,0,0,0,0,0,0,0,0,0
1934,340461476,0,96,0,0,0,0,0,0,0,0,0,0,0
1934,340461476,0,97,0,0,0,0,0,0,0,0,0,0,0
1934,340461476,0,98,0,0,0,0,0,0,0,0,0,0,0
1934,340461476,0,99,0,0,0,0,0,0,0,0,0,0,0
1934,340461476,1,0,82,1,12,0,0,0,0,0,11,0,12
1934,340461476,1,1,75,0,9,0,0,0,0,0,8,1,9
1934,340461476,1,2,60,0,9,0,0,0,0,0,7,1,9
1934,340461476,1,3,92,0,4,0,0,0,0,0,5,0,4
1934,340461476,1,4,11,0,0,0,0,0,0,0,0,0,0
1934,340461476,1,5,12,1,2,0,1,0,0,0,2,0,2
1934,340461476,1,6,13,0,0,0,0,0,0,0,0,0,0
1934,340461476,1,7,19,0,0,0,0,0,0,0,0,0,0
1934,340461476,1,8,15,0,3,0,0,0,0,0,2,1,3
1934,340461476,1,9,10,0,4,0,0,0,0,0,4,0,4
1934,340461476,1,10,16,0,2,0,0,0,0,0,2,0,2
1934,340461476,1,11,15,0,1,0,0,0,0,0,0,0,1
1934,340461476,1,12,16,0,3,0,0,0,0,0,4,0,3
1934,340461476,1,13,13,0,1,0,0,0,0,0,1,0,1
1934,340461476,1,14,4,0,4,0,0,0,0,0,2,2,4
1934,340461476,1,15,14,0,0,0,0,0,0,0,0,0,0
1934,340461476,1,16,12,0,0,0,0,0,0,0,0,0,0
1934,340461476,1,17,6,0,0,0,0,0,0,0,0,0,0
1934,340461476,1,18,15,0,0,0,0,0,0,0,0,0,0
1934,340461476,1,19,14,0,0,0,0,0,0,0,0,0,0
1934,340461476,1,20,7,0,0,0,0,0,0,0,0,0,0
1934,340461476,1,21,7,0,0,0,0,0,0,0,0,0,0
1934,340461476,1,22,8,0,0,0,0,0,0,0,0,0,0
1934,340461476,1,23,13,0,2,0,0,0,0,0,2,0,2
1934,340461476,1,24,6,0,2,0,0,0,0,0,2,0,2
1934,340461476,1,25,6,0,2,0,0,0,0,0,2,0,2
1934,340461476,1,26,5,1,0,1,0,0,0,0,0,0,0
1934,340461476,1,27,13,0,0,0,0,0,0,0,0,0,0
1934,340461476,1,28,8,0,0,0,0,0,0,0,0,0,0
1934,340461476,1,29,6,0,1,0,0,0,0,0,1,0,1
1934,340461476,1,30,2,0,0,0,0,0,0,0,0,0,0
1934,340461476,1,31,6,0,1,0,0,0,0,0,1,0,1
1934,340461476,1,32,6,1,0,1,0,0,0,0,0,0,0
1934,340461476,1,33,9,1,0,1,0,0,0,0,0,0,0
1934,340461476,1,34,6,0,0,0,0,0,0,0,0,0,0
1934,340461476,1,35,5,1,0,1,0,0,0,0,0,0,0
1934,340461476,1,36,5,1,1,0,1,0,0,0,1,0,1
1934,340461476,1,37,3,0,0,0,0,0,0,0,0,0,0
1934,340461476,1,38,5,0,0,0,0,0,0,0,0,0,0
1934,340461476,1,39,7,0,0,0,0,0,0,0,0,0,0
1934,340461476,1,40,5,0,1,0,0,0,0,0,1,0,1
1934,340461476,1,41,9,0,1,0,0,0,0,0,1,0,1
1934,340461476,1,42,6,0,1,0,0,0,0,0,1,0,1
1934,340461476,1,43,7,0,1,0,0,0,0,0,0,1,1
1934,340461476,1,44,6,0,0,0,0,0,0,0,0,0,0
1934,340461476,1,45,6,0,1,0,0,0,0,0,1,0,1
1934,340461476,1,46,7,0,1,0,0,0,0,0,0,0,1
1934,340461476,1,47,7,1,0,0,1,0,0,0,1,0,0
1934,340461476,1,48,7,0,2,0,0,0,0,0,2,0,2
1934,340461476,1,49,9,0,1,0,0,0,0,0,1,0,1
1934,340461476,1,50,3,0,0,0,0,0,0,0,0,0,0
1934,340461476,1,51,5,0,0,0,0,0,0,0,0,0,0
1934,340461476,1,52,4,0,1,0,0,0,0,0,1,0,1
1934,340461476,1,53,6,0,0,0,0,0,0,0,0,0,0
1934,340461476,1,54,4,1,0,1,0,0,0,0,0,0,0
1934,340461476,1,55,4,0,1,0,0,0,0,0,1,0,1
1934,340461476,1,56,5,1,1,0,1,0,0,0,1,0,1
1934,340461476,1,57,6,0,0,0,0,0,0,0,0,0,0
1934,340461476,1,58,5,0,0,0,0,0,0,0,0,0,0
1934,340461476,1,59,1,0,0,0,0,0,0,0,0,0,0
1934,340461476,1,60,1,0,1,0,0,0,0,1,1,0,1
1934,340461476,1,61,3,1,0,1,0,0,0,0,0,0,0
1934,340461476,1,62,2,0,1,0,0,0,0,0,1,0,1
1934,340461476,1,63,5,0,0,0,0,0,0,0,0,0,0
1934,340461476,1,64,0,0,0,0,0,0,0,0,0,0,0
1934,340461476,1,65,3,0,1,0,0,0,0,0,1,0,1
1934,340461476,1,66,3,0,0,0,0,0,0,0,0,0,0
1934,340461476,1,67,3,0,1,0,0,0,0,0,1,0,1
1934,340461476,1,68,2,0,1,0,0,0,0,0,1,0,1
1934,340461476,1,69,0,0,0,0,0,0,0,0,0,0,0
1934,340461476,1,70,0,0,0,0,0,0,0,0,0,0,0
1934,340461476,1,71,3,0,0,0,0,0,0,0,0,0,0
1934,340461476,1,72,0,0,0,0,0,0,0,0,0,0,0
1934,340461476,1,73,2,0,0,0,0,0,0,0,0,0,0
1934,340461476,1,74,1,0,0,0,0,0,0,0,0,0,0
1934,340461476,1,75,1,0,0,0,0,0,0,0,0,0,0
1934,340461476,1,76,0,0,0,0,0,0,0,0,0,0,0
1934,340461476,1,77,0,0,0,0,0,0,0,0,0,0,0
1934,340461476,1,78,0,0,0,0,0,0,0,0,0,0,0
1934,340461476,1,79,2,0,0,0,0,0,0,0,0,0,0
1934,340461476,1,80,0,0,0,0,0,0,0,0,0,0,0
1934,340461476,1,81,1,0,1,0,0,0,0,0,1,0,1
1934,340461476,1,82,0,0,0,0,0,0,0,0,0,0,0
1934,340461476,1,83,2,0,0,0,0,0,0,0,0,0,0
1934,340461476,1,84,1,0,0,0,0,0,0,0,0,0,0
1934,340461476,1,85,0,0,0,0,0,0,0,0,0,0,0
1934,340461476,1,86,0,0,0,0,0,0,0,0,0,0,0
1934,340461476,1,87,0,0,0,0,0,0,0,0,0,0,0
1934,340461476,1,88,0,0,0,0,0,0,0,0,0,0,0
1934,340461476,1,89,0,0,0,0,0,0,0,0,0,0,0
1934,340461476,1,90,0,0,0,0,0,0,0,0,0,0,0
1934,340461476,1,91,0,0,0,0,0,0,0,0,0,0,0
1934,340461476,1,92,0,0,0,0,0,0,0,0,0,0,0
1934,340461476,1,93,0,0,0,0,0,0,0,0,0,0,0
1934,340461476,1,94,0,0,0,0,0,0,0,0,0,0,0
1934,340461476,1,95,0,0,0,0,0,0,0,0,0,0,0
1934,340461476,1,96,0,0,0,0,0,0,0,0,0,0,0
1934,340461476,1,97,0,0,0,0,0,0,0,0,0,0,0
1934,340461476,1,98,0,0,0,0,0,0,0,0,0,0,0
1934,340461476,1,99,0,0,0,0,0,0,0,0,0,0,0
1935,340461476,0,0,77,1,9,0,1,0,0,0,7,2,9
1935,340461476,0,1,66,0,6,0,0,0,0,0,5,1,6
1935,340461476,0,2,67,0,6,0,0,0,0,0,4,2,6
1935,340461476,0,3,70,0,12,0,0,0,0,0,10,2,12
1935,340461476,0,4,90,0,2,0,0,0,0,0,2,0,2
1935,340461476,0,5,6,0,2,0,0,0,0,0,2,0,2
1935,340461476,0,6,12,0,2,0,0,0,0,0,2,0,2
1935,340461476,0,7,16,1,1,0,1,0,0,0,1,0,1
1935,340461476,0,8,9,0,1,0,0,0,0,0,1,0,1
1935,340461476,0,9,14,0,1,0,0,0,0,0,1,0,1
1935,340461476,0,10,6,0,2,0,0,0,0,0,2,0,2
1935,340461476,0,11,9,0,1,0,0,0,0,0,1,0,1
1935,340461476,0,12,14,0,2,0,0,0,0,0,2,0,2
1935,340461476,0,13,10,0,1,0,0,0,0,0,1,0,1
1935,340461476,0,14,8,0,1,0,0,0,0,0,1,0,1
1935,340461476,0,15,8,0,1,0,0,0,0,0,1,0,1
1935,340461476,0,16,11,0,1,0,0,0,0,0,1,0,1
1935,340461476,0,17,17,0,2,0,0,0,0,0,2,0,2
1935,340461476,0,18,11,0,3,0,0,0,0,0,3,0,3
1935,340461476,0,19,10,0,0,0,0,0,0,0,0,0,0
1935,340461476,0,20,6,0,1,0,0,0,0,0,1,0,1
1935,340461476,0,21,12,0,1,0,0,0,0,0,1,0,1
1935,340461476,0,22,11,1,4,0,1,0,0,0,3,1,4
1935,340461476,0,23,11,0,1,0,0,0,0,0,0,0,1
1935,340461476,0,24,7,1,1,0,1,0,0,0,1,0,1
1935,340461476,0,25,8,0,1,0,0,0,0,0,2,0,1
1935,340461476,0,26,8,0,1,0,0,0,0,0,1,0,1
1935,340461476,0,27,6,0,2,0,0,0,0,0,2,0,2
1935,340461476,0,28,12,1,2,0,0,1,0,0,1,1,2
1935,340461476,0,29,10,0,0,0,0,0,0,0,0,0,0
1935,340461476,0,30,6,0,0,0,0,0,0,0,0,0,0
1935,340461476,0,31,7,0,1,0,0,0,0,0,1,0,1
1935,340461476,0,32,7,0,0,0,0,0,0,0,0,0,0
1935,340461476,0,33,10,0,1,0,0,0,0,0,1,0,1
1935,340461476,0,34,8,0,0,0,0,0,0,0,0,0,0
1935,340461476,0,35,10,1,2,0,1,0,0,0,2,0,2
1935,340461476,0,36,7,0,1,0,0,0,0,0,1,0,1
1935,340461476,0,37,7,0,0,0,0,0,0,0,0,0,0
1935,340461476,0,38,7,0,0,0,0,0,0,0,0,0,0
1935,340461476,0,39,8,0,2,0,0,0,0,0,2,0,2
1935,340461476,0,40,9,0,1,0,0,0,0,0,1,0,1
1935,340461476,0,41,4,1,1,0,1,0,0,0,1,0,1
1935,340461476,0,42,3,0,1,0,0,0,0,0,1,0,1
1935,340461476,0,43,2,0,0,0,0,0,0,0,0,0,0
1935,340461476,0,44,5,0,1,0,0,0,0,0,1,0,1
1935,340461476,0,45,11,0,2,0,0,0,0,0,2,0,2
1935,340461476,0,46,9,0,0,0,0,0,0,0,0,0,0
1935,340461476,0,47,6,1,1,0,1,0,0,0,1,0,1
1935,340461476,0,48,9,0,0,0,0,0,0,0,0,0,0
1935,340461476,0,49,2,0,1,0,0,0,0,0,1,0,1
1935,340461476,0,50,3,0,1,0,0,0,0,0,1,0,1
1935,340461476,0,51,3,0,0,0,0,0,0,0,0,0,0
1935,340461476,0,52,4,0,0,0,0,0,0,0,0,0,0
1935,340461476,0,53,2,0,0,0,0,0,0,0,0,0,0
1935,340461476,0,54,5,0,0,0,0,0,0,0,0,0,0
1935,340461476,0,55,1,0,0,0,0,0,0,0,0,0,0
1935,340461476,0,56,3,0,0,0,0,0,0,0,0,0,0
1935,340461476,0,57,2,0,0,0,0,0,0,0,0,0,0
1935,340461476,0,58,3,0,0,0,0,0,0,0,0,0,0
1935,340461476,0,59,4,0,0,0,0,0,0,0,0,0,0
1935,340461476,0,60,4,0,0,0,0,0,0,0,0,0,0
1935,340461476,0,61,8,0,0,0,0,0,0,0,0,0,0
1935,340461476,0,62,5,0,0,0,0,0,0,0,0,0,0
1935,340461476,0,63,4,0,3,0,0,0,0,0,3,0,3
1935,340461476,0,64,6,0,0,0,0,0,0,0,0,0,0
1935,340461476,0,65,0,0,0,0,0,0,0,0,0,0,0
1935,340461476,0,66,2,0,1,0,0,0,0,0,1,0,1
1935,340461476,0,67,3,0,1,0,0,0,0,0,0,1,1
1935,340461476,0,68,1,0,0,0,0,0,0,0,0,0,0
1935,340461476,0,69,3,0,1,0,0,0,0,0,1,0,1
1935,340461476,0,70,1,0,0,0,0,0,0,0,0,0,0
1935,340461476,0,71,2,0,0,0,0,0,0,0,0,0,0
1935,340461476,0,72,1,0,0,0,0,0,0,0,0,0,0
1935,340461476,0,73,2,0,1,0,0,0,0,0,1,0,1
1935,340461476,0,74,2,0,0,0,0,0,0,0,0,0,0
1935,340461476,0,75,0,0,0,0,0,0,0,0,0,0,0
1935,340461476,0,76,0,0,0,0,0,0,0,0,0,0,0
1935,340461476,0,77,1,0,0,0,0,0,0,0,0,0,0
1935,340461476,0,78,2,0,0,0,0,0,0,0,0,0,0
1935,340461476,0,79,1,0,0,0,0,0,0,0,0,0,0
1935,340461476,0,80,1,0,0,0,0,0,0,0,0,0,0
1935,340461476,0,81,0,0,0,0,0,0,0,0,0,0,0
1935,340461476,0,82,0,0,0,0,0,0,0,0,0,0,0
1935,340461476,0,83,1,0,0,0,0,0,0,0,0,0,0
1935,340461476,0,84,0,0,1,0,0,0,0,0,1,0,1
1935,340461476,0,85,1,0,1,0,0,0,0,0,1,0,1
1935,340461476,0,86,1,0,0,0,0,0,0,0,0,0,0
1935,340461476,0,87,0,0,0,0,0,0,0,0,0,0,0
1935,340461476,0,88,0,0,0,0,0,0,0,0,0,0,0
1935,340461476,0,89,0,0,0,0,0,0,0,0,0,0,0
1935,340461476,0,90,1,0,0,0,0,0,0,0,0,0,0
1935,340461476,0,91,0,0,0,0,0,0,0,0,0,0,0
1935,340461476,0,92,1,0,0,0,0,0,0,0,0,0,0
1935,340461476,0,93,1,0,0,0,0,0,0,0,0,0,0
1935,340461476,0,94,0,0,0,0,0,0,0,0,0,0,0
1935,340461476,0,95,0,0,0,0,0,0,0,0,0,0,0
1935,340461476,0,96,0,0,0,0,0,0,0,0,0,0,0
1935,340461476,0,97,0,0,0,0,0,0,0,0,0,0,0
1935,340461476,0,98,0,0,0,0,0,0,0,0,0,0,0
1935,340461476,0,99,0,0,0,0,0,0,0,0,0,0,0
1935,340461476,1,0,90,0,8,0,0,0,0,0,9,0,8
1935,340461476,1,1,75,0,14,0,0,0,0,0,13,1,14
1935,340461476,1,2,74,0,10,0,0,0,0,0,6,3,10
1935,340461476,1,3,59,0,9,0,0,0,0,0,7,2,9
1935,340461476,1,4,88,1,7,0,1,0,0,0,5,1,7
1935,340461476,1,5,11,0,0,0,0,0,0,0,1,0,0
1935,340461476,1,6,12,0,2,0,0,0,0,0,2,0,2
1935,340461476,1,7,13,0,2,0,0,0,0,0,1,1,2
1935,340461476,1,8,19,0,1,0,0,0,0,0,1,0,1
1935,340461476,1,9,15,0,2,0,0,0,0,0,1,1,2
1935,340461476,1,10,10,0,0,0,0,0,0,0,0,0,0
1935,340461476,1,11,16,0,2,0,0,0,0,0,1,1,2
1935,340461476,1,12,15,0,0,0,0,0,0,0,0,0,0
1935,340461476,1,13,16,0,0,0,0,0,0,0,0,0,0
1935,340461476,1,14,13,0,0,0,0,0,0,0,0,0,0
1935,340461476,1,15,4,0,0,0,0,0,0,0,0,0,0
1935,340461476,1,16,14,0,2,0,0,0,0,0,2,0,2
1935,340461476,1,17,12,0,2,0,0,0,0,0,1,1,2
1935,340461476,1,18,6,0,1,0,0,0,0,0,1,0,1
1935,340461476,1,19,15,0,0,0,0,0,0,0,0,0,0
1935,340461476,1,20,14,0,1,0,0,0,0,0,1,0,1
1935,340461476,1,21,7,0,2,0,0,0,0,0,2,0,2
1935,340461476,1,22,7,0,0,0,0,0,0,0,0,0,0
1935,340461476,1,23,8,0,2,0,0,0,0,0,2,0,2
1935,340461476,1,24,13,0,1,0,0,0,0,0,1,0,1
1935,340461476,1,25,6,0,1,0,0,0,0,0,1,0,1
1935,340461476,1,26,6,0,0,0,0,0,0,0,0,0,0
1935,340461476,1,27,5,1,0,1,0,0,0,0,0,0,0
1935,340461476,1,28,13,0,0,0,0,0,0,0,0,0,0
1935,340461476,1,29,8,1,1,0,1,0,0,0,1,0,1
1935,340461476,1,30,6,0,1,0,0,0,0,0,1,0,1
1935,340461476,1,31,2,0,0,0,0,0,0,0,0,0,0
1935,340461476,1,32,6,0,1,0,0,0,0,0,1,0,1
1935,340461476,1,33,6,1,4,1,0,0,0,0,4,0,4
1935,340461476,1,34,9,1,2,1,0,0,0,0,2,0,2
1935,340461476,1,35,6,0,0,0,0,0,0,0,0,0,0
1935,340461476,1,36,5,1,0,1,0,0,0,0,0,0,0
1935,340461476,1,37,5,0,0,0,0,0,0,0,0,0,0
1935,340461476,1,38,3,0,2,0,0,0,0,0,2,0,2
1935,340461476,1,39,5,0,0,0,0,0,0,0,0,0,0
1935,340461476,1,40,7,0,1,0,0,0,0,0,0,1,1
1935,340461476,1,41,5,1,2,1,0,0,0,1,2,0,2
1935,340461476,1,42,9,0,1,0,0,0,0,0,0,1,1
1935,340461476,1,43,6,1,1,0,1,0,0,0,1,0,1
1935,340461476,1,44,7,0,2,0,0,0,0,1,2,0,2
1935,340461476,1,45,6,1,2,1,0,0,0,0,2,0,2
1935,340461476,1,46,6,0,0,0,0,0,0,0,0,0,0
1935,340461476,1,47,7,0,3,0,0,0,0,0,3,0,3
1935,340461476,1,48,7,0,1,0,0,0,0,0,1,0,1
1935,340461476,1,49,7,0,1,0,0,0,0,0,1,0,1
1935,340461476,1,50,8,0,3,0,0,0,0,0,2,0,3
1935,340461476,1,51,3,0,1,0,0,0,0,0,2,0,1
1935,340461476,1,52,5,0,2,0,0,0,0,0,2,0,2
1935,340461476,1,53,4,0,1,0,0,0,0,0,1,0,1
1935,340461476,1,54,6,1,1,0,0,1,0,0,0,1,1
1935,340461476,1,55,4,1,1,1,0,0,0,0,1,0,1
1935,340461476,1,56,4,0,1,0,0,0,0,0,1,0,1
1935,340461476,1,57,5,0,1,0,0,0,0,0,1,0,1
1935,340461476,1,58,5,0,3,0,0,0,0,0,2,0,3
1935,340461476,1,59,5,0,0,0,0,0,0,0,0,0,0
1935,340461476,1,60,1,0,0,0,0,0,0,0,0,0,0
1935,340461476,1,61,1,0,0,0,0,0,0,0,0,0,0
1935,340461476,1,62,3,1,0,1,0,0,0,0,0,0,0
1935,340461476,1,63,2,0,0,0,0,0,0,0,0,0,0
1935,340461476,1,64,4,0,1,0,0,0,0,0,1,0,1
1935,340461476,1,65,0,0,0,0,0,0,0,0,0,0,0
1935,340461476,1,66,3,0,0,0,0,0,0,0,0,0,0
1935,340461476,1,67,3,0,0,0,0,0,0,0,0,0,0
1935,340461476,1,68,3,0,0,0,0,0,0,0,0,0,0
1935,340461476,1,69,2,0,0,0,0,0,0,0,0,0,0
1935,340461476,1,70,0,0,0,0,0,0,0,0,0,0,0
1935,340461476,1,71,0,0,0,0,0,0,0,0,0,0,0
1935,340461476,1,72,2,0,0,0,0,0,0,0,0,0,0
1935,340461476,1,73,0,0,0,0,0,0,0,0,0,0,0
1935,340461476,1,74,1,0,0,0,0,0,0,0,0,0,0
1935,340461476,1,75,1,0,0,0,0,0,0,0,0,0,0
1935,340461476,1,76,1,0,0,0,0,0,0,0,0,0,0
1935,340461476,1,77,0,0,0,0,0,0,0,0,0,0,0
1935,340461476,1,78,0,0,0,0,0,0,0,0,0,0,0
1935,340461476,1,79,0,0,0,0,0,0,0,0,0,0,0
1935,340461476,1,80,2,0,0,0,0,0,0,0,0,0,0
1935,340461476,1,81,0,0,1,0,0,0,0,0,1,0,1
1935,340461476,1,82,1,0,0,0,0,0,0,0,0,0,0
1935,340461476,1,83,0,0,0,0,0,0,0,0,0,0,0
1935,340461476,1,84,2,0,0,0,0,0,0,0,0,0,0
1935,340461476,1,85,1,0,0,0,0,0,0,0,0,0,0
1935,340461476,1,86,0,0,0,0,0,0,0,0,0,0,0
1935,340461476,1,87,0,0,0,0,0,0,0,0,0,0,0
1935,340461476,1,88,0,0,0,0,0,0,0,0,0,0,0
1935,340461476,1,89,0,0,0,0,0,0,0,0,0,0,0
1935,340461476,1,90,0,0,0,0,0,0,0,0,0,0,0
1935,340461476,1,91,0,0,0,0,0,0,0,0,0,0,0
1935,340461476,1,92,0,0,0,0,0,0,0,0,0,0,0
1935,340461476,1,93,0,0,0,0,0,0,0,0,0,0,0
1935,340461476,1,94,0,0,0,0,0,0,0,0,0,0,0
1935,340461476,1,95,0,0,0,0,0,0,0,0,0,0,0
1935,340461476,1,96,0,0,0,0,0,0,0,0,0,0,0
1935,340461476,1,97,0,0,0,0,0,0,0,0,0,0,0
1935,340461476,1,98,0,0,0,0,0,0,0,0,0,0,0
1935,340461476,1,99,0,0,0,0,0,0,0,0,0,0,0
1936,340461476,0,0,83,0,5,0,0,0,0,0,5,0,5
1936,340461476,0,1,73,0,13,0,0,0,0,0,13,0,13
1936,340461476,0,2,64,1,5,0,1,0,0,0,5,0,5
1936,340461476,0,3,67,0,11,0,0,0,0,0,9,2,11
1936,340461476,0,4,70,3,10,0,2,1,0,0,9,1,10
1936,340461476,0,5,90,1,9,0,1,0,0,0,8,1,9
1936,340461476,0,6,6,0,1,0,0,0,0,0,1,0,1
1936,340461476,0,7,12,0,4,0,0,0,0,0,4,0,4
1936,340461476,0,8,16,0,2,0,0,0,0,0,2,0,2
1936,340461476,0,9,9,0,3,0,0,0,0,0,3,0,3
1936,340461476,0,10,14,0,0,0,0,0,0,0,0,0,0
1936,340461476,0,11,6,0,0,0,0,0,0,0,0,0,0
1936,340461476,0,12,9,0,0,0,0,0,0,0,0,0,0
1936,340461476,0,13,14,0,3,0,0,0,0,0,3,0,3
1936,340461476,0,14,10,0,2,0,0,0,0,0,2,0,2
1936,340461476,0,15,8,0,1,0,0,0,0,0,1,0,1
1936,340461476,0,16,8,0,1,0,0,0,0,0,1,0,1
1936,340461476,0,17,11,0,1,0,0,0,0,0,1,0,1
1936,340461476,0,18,17,0,0,0,0,0,0,0,0,0,0
1936,340461476,0,19,11,0,1,0,0,0,0,0,1,0,1
1936,340461476,0,20,10,0,1,0,0,0,0,0,1,0,1
1936,340461476,0,21,6,0,0,0,0,0,0,0,0,0,0
1936,340461476,0,22,12,0,3,0,0,0,0,0,3,0,3
1936,340461476,0,23,11,0,2,0,0,0,0,0,2,0,2
1936,340461476,0,24,11,0,2,0,0,0,0,0,2,0,2
1936,340461476,0,25,6,0,1,0,0,0,0,0,1,0,1
1936,340461476,0,26,8,0,1,0,0,0,0,0,1,0,1
1936,340461476,0,27,8,0,2,0,0,0,0,0,2,0,2
1936,340461476,0,28,6,0,0,0,0,0,0,0,0,0,0
1936,340461476,0,29,12,0,0,0,0,0,0,0,0,0,0
1936,340461476,0,30,10,0,2,0,0,0,0,0,1,1,2
1936,340461476,0,31,6,0,0,0,0,0,0,0,0,0,0
1936,340461476,0,32,7,0,1,0,0,0,0,0,1,0,1
1936,340461476,0,33,7,0,0,0,0,0,0,0,0,0,0
1936,340461476,0,34,9,0,3,0,0,0,0,0,2,1,3
1936,340461476,0,35,8,0,0,0,0,0,0,0,0,0,0
1936,340461476,0,36,10,0,0,0,0,0,0,0,0,0,0
1936,340461476,0,37,7,0,1,0,0,0,0,0,1,0,1
1936,340461476,0,38,7,0,1,0,0,0,0,0,1,0,1
1936,340461476,0,39,7,0,1,0,0,0,0,0,1,0,1
1936,340461476,0,40,8,0,1,0,0,0,0,0,1,0,1
1936,340461476,0,41,9,0,0,0,0,0,0,0,0,0,0
1936,340461476,0,42,4,0,0,0,0,0,0,0,0,0,0
1936,340461476,0,43,3,0,1,0,0,0,0,0,1,0,1
1936,340461476,0,44,2,0,0,0,0,0,0,0,0,0,0
1936,340461476,0,45,5,0,1,0,0,0,0,0,1,0,1
1936,340461476,0,46,10,0,0,0,0,0,0,0,0,0,0
1936,340461476,0,47,9,0,1,0,0,0,0,0,0,1,1
1936,340461476,0,48,6,0,1,0,0,0,0,0,1,0,1
1936,340461476,0,49,9,0,1,0,0,0,0,0,1,0,1
1936,340461476,0,50,2,0,0,0,0,0,0,0,0,0,0
1936,340461476,0,51,3,0,0,0,0,0,0,0,0,0,0
1936,340461476,0,52,3,0,1,0,0,0,0,0,1,0,1
1936,340461476,0,53,4,0,1,0,0,0,0,0,1,0,1
1936,340461476,0,54,2,0,1,0,0,0,0,0,0,1,1
1936,340461476,0,55,5,1,1,0,1,0,0,0,1,0,1
1936,340461476,0,56,1,0,0,0,0,0,0,0,0,0,0
1936,340461476,0,57,3,0,0,0,0,0,0,0,0,0,0
1936,340461476,0,58,2,1,1,0,1,0,0,0,1,0,1
1936,340461476,0,59,3,0,0,0,0,0,0,0,0,0,0
1936,340461476,0,60,3,0,0,0,0,0,0,0,0,0,0
1936,340461476,0,61,4,0,0,0,0,0,0,0,0,0,0
1936,340461476,0,62,8,0,1,0,0,0,0,0,1,0,1
1936,340461476,0,63,5,0,0,0,0,0,0,0,0,0,0
1936,340461476,0,64,4,0,1,0,0,0,0,0,1,0,1
1936,340461476,0,65,6,0,0,0,0,0,0,0,0,0,0
1936,340461476,0,66,0,0,0,0,0,0,0,0,0,0,0
1936,340461476,0,67,2,0,1,0,0,0,0,0,1,0,1
1936,340461476,0,68,3,0,0,0,0,0,0,0,0,0,0
1936,340461476,0,69,1,0,0,0,0,0,0,0,0,0,0
1936,340461476,0,70,3,0,1,0,0,0,0,0,1,0,1
1936,340461476,0,71,1,0,0,0,0,0,0,0,0,0,0
1936,340461476,0,72,2,0,0,0,0,0,0,0,0,0,0
1936,340461476,0,73,1,0,0,0,0,0,0,0,0,0,0
1936,340461476,0,74,2,0,0,0,0,0,0,0,0,0,0
1936,340461476,0,75,2,0,0,0,0,0,0,0,0,0,0
1936,340461476,0,76,0,0,0,0,0,0,0,0,0,0,0
1936,340461476,0,77,0,0,0,0,0,0,0,0,0,0,0
1936,340461476,0,78,1,0,0,0,0,0,0,0,0,0,0
1936,340461476,0,79,2,0,0,0,0,0,0,0,0,0,0
1936,340461476,0,80,1,0,0,0,0,0,0,0,0,0,0
1936,340461476,0,81,1,0,0,0,0,0,0,0,0,0,0
1936,340461476,0,82,0,0,0,0,0,0,0,0,0,0,0
1936,340461476,0,83,0,0,0,0,0,0,0,0,0,0,0
1936,340461476,0,84,1,0,0,0,0,0,0,0,0,0,0
1936,340461476,0,85,0,0,0,0,0,0,0,0,0,0,0
1936,340461476,0,86,1,0,0,0,0,0,0,0,0,0,0
1936,340461476,0,87,1,0,0,0,0,0,0,0,0,0,0
1936,340461476,0,88,0,0,0,0,0,0,0,0,0,0,0
1936,340461476,0,89,0,0,0,0,0,0,0,0,0,0,0
1936,340461476,0,90,0,0,0,0,0,0,0,0,0,0,0
1936,340461476,0,91,1,0,0,0,0,0,0,0,0,0,0
1936,340461476,0,92,0,0,0,0,0,0,0,0,0,0,0
1936,340461476,0,93,1,0,0,0,0,0,0,0,0,0,0
1936,340461476,0,94,1,0,1,0,0,0,0,0,1,0,1
1936,340461476,0,95,0,0,0,0,0,0,0,0,0,0,0
1936,340461476,0,96,0,0,0,0,0,0,0,0,0,0,0
1936,340461476,0,97,0,0,0,0,0,0,0,0,0,0,0
1936,340461476,0,98,0,0,0,0,0,0,0,0,0,0,0
1936,340461476,0,99,0,0,0,0,0,0,0,0,0,0,0
1936,340461476,1,0,86,0,14,0,0,0,0,0,10,4,14
1936,340461476,1,1,82,2,14,0,2,0,0,0,13,1,14
1936,340461476,1,2,73,0,11,0,0,0,0,0,10,1,11
1936,340461476,1,3,72,1,6,0,1,0,0,0,6,0,6
1936,340461476,1,4,59,0,4,0,0,0,0,0,3,0,4
1936,340461476,1,5,88,0,8,0,0,0,0,0,8,1,8
1936,340461476,1,6,11,0,0,0,0,0,0,0,0,0,0
1936,340461476,1,7,12,0,1,0,0,0,0,0,1,0,1
1936,340461476,1,8,13,0,3,0,0,0,0,0,2,0,3
1936,340461476,1,9,19,0,0,0,0,0,0,0,1,0,0
1936,340461476,1,10,15,0,2,0,0,0,0,0,2,0,2
1936,340461476,1,11,10,0,0,0,0,0,0,0,0,0,0
1936,340461476,1,12,16,0,4,0,0,0,0,0,4,0,4
1936,340461476,1,13,15,0,1,0,0,0,0,0,1,0,1
1936,340461476,1,14,16,0,4,0,0,0,0,0,4,0,4
1936,340461476,1,15,13,0,1,0,0,0,0,0,0,1,1
1936,340461476,1,16,4,0,0,0,0,0,0,0,0,0,0
1936,340461476,1,17,14,0,0,0,0,0,0,0,0,0,0
1936,340461476,1,18,12,0,1,0,0,0,0,0,1,0,1
1936,340461476,1,19,6,0,0,0,0,0,0,0,0,0,0
1936,340461476,1,20,15,0,3,0,0,0,0,0,3,0,3
1936,340461476,1,21,14,0,0,0,0,0,0,0,0,0,0
1936,340461476,1,22,7,0,1,0,0,0,0,0,0,1,1
1936,340461476,1,23,7,0,0,0,0,0,0,0,0,0,0
1936,340461476,1,24,8,0,0,0,0,0,0,0,0,0,0
1936,340461476,1,25,13,0,0,0,0,0,0,0,0,0,0
1936,340461476,1,26,6,0,1,0,0,0,0,0,1,0,1
1936,340461476,1,27,6,0,1,0,0,0,0,0,0,0,1
1936,340461476,1,28,5,1,2,1,0,0,0,0,3,0,2
1936,340461476,1,29,12,0,1,0,0,0,0,0,1,0,1
1936,340461476,1,30,8,0,1,0,0,0,0,0,1,0,1
1936,340461476,1,31,6,0,0,0,0,0,0,0,0,0,0
1936,340461476,1,32,2,0,0,0,0,0,0,0,0,0,0
1936,340461476,1,33,6,1,1,0,1,0,0,0,1,0,1
1936,340461476,1,34,6,1,1,1,0,0,0,0,1,0,1
1936,340461476,1,35,9,2,2,1,1,0,0,0,2,0,2
1936,340461476,1,36,6,0,2,0,0,0,0,0,2,0,2
1936,340461476,1,37,5,1,1,1,0,0,0,0,0,1,1
1936,340461476,1,38,5,1,2,1,0,0,0,1,2,0,2
1936,340461476,1,39,3,0,0,0,0,0,0,0,0,0,0
1936,340461476,1,40,5,0,0,0,0,0,0,0,0,0,0
1936,340461476,1,41,7,0,1,0,0,0,0,0,0,1,1
1936,340461476,1,42,5,1,2,1,0,0,0,0,2,0,2
1936,340461476,1,43,9,0,2,0,0,0,0,1,2,0,2
1936,340461476,1,44,6,2,3,2,0,0,0,1,3,0,3
1936,340461476,1,45,7,0,0,0,0,0,0,0,0,0,0
1936,340461476,1,46,6,1,1,1,0,0,0,0,1,0,1
1936,340461476,1,47,6,0,0,0,0,0,0,0,0,0,0
1936,340461476,1,48,6,0,1,0,0,0,0,0,1,0,1
1936,340461476,1,49,7,0,1,0,0,0,0,0,1,0,1
1936,340461476,1,50,7,0,0,0,0,0,0,0,0,0,0
1936,340461476,1,51,8,0,0,0,0,0,0,0,0,0,0
1936,340461476,1,52,3,0,0,0,0,0,0,0,0,0,0
1936,340461476,1,53,5,0,1,0,0,0,0,0,1,0,1
1936,340461476,1,54,4,0,0,0,0,0,0,0,0,0,0
1936,340461476,1,55,6,0,0,0,0,0,0,0,0,0,0
1936,340461476,1,56,4,1,0,1,0,0,0,0,0,0,0
1936,340461476,1,57,4,0,0,0,0,0,0,0,0,0,0
1936,340461476,1,58,5,0,0,0,0,0,0,0,0,0,0
1936,340461476,1,59,5,0,1,0,0,0,0,0,1,0,1
1936,340461476,1,60,4,0,1,0,0,0,0,0,1,0,1
1936,340461476,1,61,1,0,0,0,0,0,0,0,0,0,0
1936,340461476,1,62,1,0,0,0,0,0,0,0,0,0,0
1936,340461476,1,63,3,1,0,1,0,0,0,0,0,0,0
1936,340461476,1,64,2,1,1,1,0,0,0,1,1,0,1
1936,340461476,1,65,4,0,0,0,0,0,0,0,0,0,0
1936,340461476,1,66,0,0,0,0,0,0,0,0,0,0,0
1936,340461476,1,67,3,0,0,0,0,0,0,0,0,0,0
1936,340461476,1,68,3,0,1,0,0,0,0,0,1,0,1
1936,340461476,1,69,3,0,0,0,0,0,0,0,0,0,0
1936,340461476,1,70,2,0,0,0,0,0,0,0,0,0,0
1936,340461476,1,71,0,0,0,0,0,0,0,0,0,0,0
1936,340461476,1,72,0,0,0,0,0,0,0,0,0,0,0
1936,340461476,1,73,2,0,0,0,0,0,0,0,0,0,0
1936,340461476,1,74,0,0,0,0,0,0,0,0,0,0,0
1936,340461476,1,75,1,0,0,0,0,0,0,0,0,0,0
1936,340461476,1,76,1,0,0,0,0,0,0,0,0,0,0
1936,340461476,1,77,1,0,0,0,0,0,0,0,0,0,0
1936,340461476,1,78,0,0,0,0,0,0,0,0,0,0,0
1936,340461476,1,79,0,0,0,0,0,0,0,0,0,0,0
1936,340461476,1,80,0,0,0,0,0,0,0,0,0,0,0
1936,340461476,1,81,2,0,0,0,0,0,0,0,0,0,0
1936,340461476,1,82,0,0,0,0,0,0,0,0,0,0,0
1936,340461476,1,83,1,0,0,0,0,0,0,0,0,0,0
1936,340461476,1,84,0,0,0,0,0,0,0,0,0,0,0
1936,340461476,1,85,1,0,0,0,0,0,0,0,0,0,0
1936,340461476,1,86,0,0,0,0,0,0,0,0,0,0,0
1936,340461476,1,87,0,0,0,0,0,0,0,0,0,0,0
1936,340461476,1,88,0,0,0,0,0,0,0,0,0,0,0
1936,340461476,1,89,0,0,0,0,0,0,0,0,0,0,0
1936,340461476,1,90,0,0,0,0,0,0,0,0,0,0,0
1936,340461476,1,91,0,0,0,0,0,0,0,0,0,0,0
1936,340461476,1,92,0,0,0,0,0,0,0,0,0,0,0
1936,340461476,1,93,0,0,0,0,0,0,0,0,0,0,0
1936,340461476,1,94,0,0,0,0,0,0,0,0,0,0,0
1936,340461476,1,95,0,0,0,0,0,0,0,0,0,0,0
1936,340461476,1,96,0,0,0,0,0,0,0,0,0,0,0
1936,340461476,1,97,0,0,0,0,0,0,0,0,0,0,0
1936,340461476,1,98,0,0,0,0,0,0,0,0,0,0,0
1936,340461476,1,99,0,0,0,0,0,0,0,0,0,0,0
1937,340461476,0,0,79,2,12,0,0,0,0,0,9,1,12
1937,340461476,0,1,76,1,12,0,1,0,0,0,11,1,12
1937,340461476,0,2,73,1,12,0,1,0,0,0,9,3,12
1937,340461476,0,3,64,0,10,0,0,0,0,0,7,3,10
1937,340461476,0,4,67,0,17,0,0,0,0,0,12,4,17
1937,340461476,0,5,69,2,10,0,1,0,0,0,10,0,10
1937,340461476,0,6,89,1,7,0,0,0,0,0,6,0,7
1937,340461476,0,7,6,0,1,0,0,0,0,0,0,1,1
1937,340461476,0,8,12,0,0,0,0,0,0,0,0,0,0
1937,340461476,0,9,16,0,3,0,0,0,0,0,3,0,3
1937,340461476,0,10,9,0,2,0,0,0,0,0,2,0,2
1937,340461476,0,11,14,0,0,0,0,0,0,0,0,0,0
1937,340461476,0,12,6,0,0,0,0,0,0,0,0,0,0
1937,340461476,0,13,9,0,3,0,0,0,0,0,1,2,3
1937,340461476,0,14,14,0,3,0,0,0,0,0,3,0,3
1937,340461476,0,15,10,0,2,0,0,0,0,0,2,0,2
1937,340461476,0,16,8,1,1,0,0,1,0,0,0,1,1
1937,340461476,0,17,8,0,2,0,0,0,0,0,2,0,2
1937,340461476,0,18,10,0,1,0,0,0,0,0,1,0,1
1937,340461476,0,19,17,0,0,0,0,0,0,0,0,0,0
1937,340461476,0,20,11,0,1,0,0,0,0,0,1,0,1
1937,340461476,0,21,10,0,0,0,0,0,0,0,0,0,0
1937,340461476,0,22,6,0,1,0,0,0,0,0,1,0,1
1937,340461476,0,23,12,0,2,0,0,0,0,0,1,1,2
1937,340461476,0,24,11,0,1,0,0,0,0,0,0,1,1
1937,340461476,0,25,11,0,0,0,0,0,0,0,0,0,0
1937,340461476,0,26,6,0,1,0,0,0,0,0,1,0,1
1937,340461476,0,27,8,1,2,0,0,0,0,0,0,1,2
1937,340461476,0,28,8,0,1,0,0,0,0,0,1,0,1
1937,340461476,0,29,6,0,1,0,0,0,0,0,1,0,1
1937,340461476,0,30,12,0,1,0,0,0,0,0,1,0,1
1937,340461476,0,31,10,0,2,0,0,0,0,0,2,0,2
1937,340461476,0,32,6,0,1,0,0,0,0,0,1,0,1
1937,340461476,0,33,7,0,0,0,0,0,0,0,0,0,0
1937,340461476,0,34,7,0,0,0,0,0,0,0,0,0,0
1937,340461476,0,35,9,1,3,0,1,0,0,0,3,0,3
1937,340461476,0,36,8,0,1,0,0,0,0,0,1,0,1
1937,340461476,0,37,10,0,2,0,0,0,0,0,2,0,2
1937,340461476,0,38,7,0,0,0,0,0,0,0,0,0,0
1937,340461476,0,39,7,0,0,0,0,0,0,0,0,0,0
1937,340461476,0,40,7,0,1,0,0,0,0,0,1,0,1
1937,340461476,0,41,8,0,1,0,0,0,0,0,1,0,1
1937,340461476,0,42,9,0,0,0,0,0,0,0,0,0,0
1937,340461476,0,43,4,0,0,0,0,0,0,0,0,0,0
1937,340461476,0,44,2,0,1,0,0,0,0,0,1,0,1
1937,340461476,0,45,2,0,0,0,0,0,0,0,0,0,0
1937,340461476,0,46,5,0,1,0,0,0,0,0,1,0,1
1937,340461476,0,47,10,0,3,0,0,0,0,0,3,0,3
1937,340461476,0,48,9,0,1,0,0,0,0,0,1,0,1
1937,340461476,0,49,6,1,3,0,1,0,0,0,2,1,3
1937,340461476,0,50,9,0,0,0,0,0,0,0,0,0,0
1937,340461476,0,51,2,0,0,0,0,0,0,0,0,0,0
1937,340461476,0,52,3,0,0,0,0,0,0,0,0,0,0
1937,340461476,0,53,3,0,2,0,0,0,0,0,2,0,2
1937,340461476,0,54,4,0,0,0,0,0,0,0,0,0,0
1937,340461476,0,55,1,0,0,0,0,0,0,0,0,0,0
1937,340461476,0,56,5,0,0,0,0,0,0,0,0,0,0
1937,340461476,0,57,1,0,0,0,0,0,0,0,0,0,0
1937,340461476,0,58,3,0,0,0,0,0,0,0,0,0,0
1937,340461476,0,59,2,0,1,0,0,0,0,0,1,0,1
1937,340461476,0,60,3,0,1,0,0,0,0,0,1,0,1
1937,340461476,0,61,3,0,1,0,0,0,0,0,1,0,1
1937,340461476,0,62,4,0,0,0,0,0,0,0,0,0,0
1937,340461476,0,63,8,0,0,0,0,0,0,0,0,0,0
1937,340461476,0,64,5,0,0,0,0,0,0,0,0,0,0
1937,340461476,0,65,4,0,0,0,0,0,0,0,0,0,0
1937,340461476,0,66,6,1,1,0,0,0,0,0,0,0,1
1937,340461476,0,67,0,0,1,0,0,0,0,0,1,0,1
1937,340461476,0,68,2,1,0,1,0,0,0,1,0,0,0
1937,340461476,0,69,3,0,0,0,0,0,0,0,0,0,0
1937,340461476,0,70,1,0,1,0,0,0,0,0,1,0,1
1937,340461476,0,71,3,0,0,0,0,0,0,0,0,0,0
1937,340461476,0,72,0,0,0,0,0,0,0,0,0,0,0
1937,340461476,0,73,2,0,0,0,0,0,0,0,0,0,0
1937,340461476,0,74,1,0,1,0,0,0,0,0,1,0,1
1937,340461476,0,75,2,0,0,0,0,0,0,0,0,0,0
1937,340461476,0,76,2,0,0,0,0,0,0,0,0,0,0
1937,340461476,0,77,0,0,0,0,0,0,0,0,0,0,0
1937,340461476,0,78,0,0,0,0,0,0,0,0,0,0,0
1937,340461476,0,79,0,0,0,0,0,0,0,0,0,0,0
1937,340461476,0,80,2,0,0,0,0,0,0,0,0,0,0
1937,340461476,0,81,1,0,0,0,0,0,0,0,0,0,0
1937,340461476,0,82,1,0,0,0,0,0,0,0,0,0,0
1937,340461476,0,83,0,0,0,0,0,0,0,0,0,0,0
1937,340461476,0,84,0,0,0,0,0,0,0,0,0,0,0
1937,340461476,0,85,1,0,0,0,0,0,0,0,0,0,0
1937,340461476,0,86,0,0,0,0,0,0,0,0,0,0,0
1937,340461476,0,87,1,1,1,0,0,0,0,0,0,0,1
1937,340461476,0,88,1,0,0,0,0,0,0,0,0,0,0
1937,340461476,0,89,0,0,0,0,0,0,0,0,0,0,0
1937,340461476,0,90,0,0,0,0,0,0,0,0,0,0,0
1937,340461476,0,91,0,0,0,0,0,0,0,0,0,0,0
1937,340461476,0,92,1,0,0,0,0,0,0,0,0,0,0
1937,340461476,0,93,0,0,0,0,0,0,0,0,0,0,0
1937,340461476,0,94,0,0,0,0,0,0,0,0,0,0,0
1937,340461476,0,95,1,0,0,0,0,0,0,0,0,0,0
1937,340461476,0,96,0,0,0,0,0,0,0,0,0,0,0
1937,340461476,0,97,0,0,0,0,0,0,0,0,0,0,0
1937,340461476,0,98,0,0,0,0,0,0,0,0,0,0,0
1937,340461476,0,99,0,0,0,0,0,0,0,0,0,0,0
1937,340461476,1,0,80,1,12,0,0,0,0,0,10,1,12
1937,340461476,1,1,79,4,13,0,0,0,0,0,7,1,13
1937,340461476,1,2,81,1,9,0,1,0,0,0,9,1,9
1937,340461476,1,3,72,0,3,0,0,0,0,0,3,0,3
1937,340461476,1,4,72,1,5,0,1,0,0,0,5,0,5
1937,340461476,1,5,59,2,9,0,0,0,0,0,7,0,9
1937,340461476,1,6,88,3,10,0,0,0,0,0,7,0,10
1937,340461476,1,7,11,0,0,0,0,0,0,0,0,0,0
1937,340461476,1,8,12,0,1,0,0,0,0,0,1,0,1
1937,340461476,1,9,13,1,2,0,0,0,0,0,1,0,2
1937,340461476,1,10,18,0,0,0,0,0,0,0,0,0,0
1937,340461476,1,11,15,0,4,0,0,0,0,0,4,0,4
1937,340461476,1,12,10,0,0,0,0,0,0,0,0,0,0
1937,340461476,1,13,16,0,4,0,0,0,0,0,4,0,4
1937,340461476,1,14,15,1,1,0,0,0,0,0,0,0,1
1937,340461476,1,15,16,0,3,0,0,0,0,0,2,0,3
1937,340461476,1,16,13,0,2,0,0,0,0,0,3,0,2
1937,340461476,1,17,4,1,3,0,0,0,0,0,2,0,3
1937,340461476,1,18,14,0,0,0,0,0,0,0,0,0,0
1937,340461476,1,19,12,0,1,0,0,0,0,0,1,0,1
1937,340461476,1,20,6,0,0,0,0,0,0,0,0,0,0
1937,340461476,1,21,15,0,1,0,0,0,0,0,1,0,1
1937,340461476,1,22,14,0,2,0,0,0,0,0,2,0,2
1937,340461476,1,23,7,0,2,0,0,0,0,0,0,1,2
1937,340461476,1,24,7,0,1,0,0,0,0,0,1,1,1
1937,340461476,1,25,8,0,2,0,0,0,0,0,1,0,2
1937,340461476,1,26,13,0,1,0,0,0,0,0,2,0,1
1937,340461476,1,27,6,0,1,0,0,0,0,0,1,0,1
1937,340461476,1,28,6,0,1,0,0,0,0,0,1,0,1
1937,340461476,1,29,5,1,2,1,0,0,0,0,2,0,2
1937,340461476,1,30,12,0,3,0,0,0,0,0,3,0,3
1937,340461476,1,31,8,0,1,0,0,0,0,0,1,0,1
1937,340461476,1,32,6,0,0,0,0,0,0,0,0,0,0
1937,340461476,1,33,2,0,0,0,0,0,0,0,0,0,0
1937,340461476,1,34,6,0,0,0,0,0,0,0,0,0,0
1937,340461476,1,35,6,1,1,1,0,0,0,0,1,0,1
1937,340461476,1,36,9,2,1,1,0,0,0,0,0,0,1
1937,340461476,1,37,6,0,0,0,0,0,0,0,0,0,0
1937,340461476,1,38,5,1,0,1,0,0,0,0,0,0,0
1937,340461476,1,39,5,1,0,1,0,0,0,0,0,0,0
1937,340461476,1,40,3,0,0,0,0,0,0,0,0,0,0
1937,340461476,1,41,4,0,0,0,0,0,0,0,0,0,0
1937,340461476,1,42,7,0,2,0,0,0,0,0,1,1,2
1937,340461476,1,43,5,1,2,1,0,0,0,0,1,0,2
1937,340461476,1,44,9,0,3,0,0,0,0,0,4,0,3
1937,340461476,1,45,6,2,1,2,0,0,0,0,1,0,1
1937,340461476,1,46,7,1,1,0,0,0,0,0,0,0,1
1937,340461476,1,47,6,1,2,1,0,0,0,0,2,0,2
1937,340461476,1,48,6,0,1,0,0,0,0,0,1,0,1
1937,340461476,1,49,6,1,1,0,0,0,0,0,0,0,1
1937,340461476,1,50,7,0,0,0,0,0,0,0,0,0,0
1937,340461476,1,51,7,0,1,0,0,0,0,0,1,0,1
1937,340461476,1,52,8,0,1,0,0,0,0,0,1,0,1
1937,340461476,1,53,3,0,0,0,0,0,0,0,0,0,0
1937,340461476,1,54,5,0,2,0,0,0,0,0,1,1,2
1937,340461476,1,55,4,0,0,0,0,0,0,0,0,0,0
1937,340461476,1,56,6,0,2,0,0,0,0,0,2,0,2
1937,340461476,1,57,4,1,0,1,0,0,0,0,0,0,0
1937,340461476,1,58,4,0,1,0,0,0,0,0,1,0,1
1937,340461476,1,59,5,0,0,0,0,0,0,0,0,0,0
1937,340461476,1,60,4,0,1,0,0,0,0,0,1,0,1
1937,340461476,1,61,4,0,0,0,0,0,0,0,0,0,0
1937,340461476,1,62,1,0,0,0,0,0,0,0,0,0,0
1937,340461476,1,63,1,0,0,0,0,0,0,0,0,0,0
1937,340461476,1,64,3,1,0,1,0,0,0,0,0,0,0
1937,340461476,1,65,2,1,0,1,0,0,0,0,0,0,0
1937,340461476,1,66,4,0,0,0,0,0,0,0,0,0,0
1937,340461476,1,67,0,0,0,0,0,0,0,0,0,0,0
1937,340461476,1,68,3,0,0,0,0,0,0,0,0,0,0
1937,340461476,1,69,3,0,0,0,0,0,0,0,0,0,0
1937,340461476,1,70,3,0,0,0,0,0,0,0,0,0,0
1937,340461476,1,71,2,0,0,0,0,0,0,0,0,0,0
1937,340461476,1,72,0,0,0,0,0,0,0,0,0,0,0
1937,340461476,1,73,0,0,0,0,0,0,0,0,0,0,0
1937,340461476,1,74,2,0,0,0,0,0,0,0,0,0,0
1937,340461476,1,75,0,0,0,0,0,0,0,0,0,0,0
1937,340461476,1,76,1,0,0,0,0,0,0,0,0,0,0
1937,340461476,1,77,1,0,0,0,0,0,0,0,0,0,0
1937,340461476,1,78,1,0,0,0,0,0,0,0,0,0,0
1937,340461476,1,79,0,0,0,0,0,0,0,0,0,0,0
1937,340461476,1,80,0,0,0,0,0,0,0,0,0,0,0
1937,340461476,1,81,0,0,0,0,0,0,0,0,0,0,0
1937,340461476,1,82,2,0,0,0,0,0,0,0,0,0,0
1937,340461476,1,83,0,0,0,0,0,0,0,0,0,0,0
1937,340461476,1,84,1,0,0,0,0,0,0,0,0,0,0
1937,340461476,1,85,0,0,0,0,0,0,0,0,0,0,0
1937,340461476,1,86,1,0,0,0,0,0,0,0,0,0,0
1937,340461476,1,87,0,0,0,0,0,0,0,0,0,0,0
1937,340461476,1,88,0,0,0,0,0,0,0,0,0,0,0
1937,340461476,1,89,0,0,0,0,0,0,0,0,0,0,0
1937,340461476,1,90,0,0,0,0,0,0,0,0,0,0,0
1937,340461476,1,91,0,0,0,0,0,0,0,0,0,0,0
1937,340461476,1,92,0,0,0,0,0,0,0,0,0,0,0
1937,340461476,1,93,0,0,0,0,0,0,0,0,0,0,0
1937,340461476,1,94,0,0,0,0,0,0,0,0,0,0,0
1937,340461476,1,95,0,0,0,0,0,0,0,0,0,0,0
1937,340461476,1,96,0,0,0,0,0,0,0,0,0,0,0
1937,340461476,1,97,0,0,0,0,0,0,0,0,0,0,0
1937,340461476,1,98,0,0,0,0,0,0,0,0,0,0,0
1937,340461476,1,99,0,0,0,0,0,0,0,0,0,0,0
1938,340461476,0,0,87,3,16,0,2,0,0,0,16,0,16
1938,340461476,0,1,72,2,7,0,2,0,0,0,5,2,7
1938,340461476,0,2,73,0,6,0,0,0,0,0,7,0,6
1938,340461476,0,3,72,0,7,0,0,0,0,0,7,0,7
1938,340461476,0,4,63,1,3,0,1,0,0,0,3,0,3
1938,340461476,0,5,67,1,3,0,1,0,0,0,4,0,3
1938,340461476,0,6,69,0,8,0,0,0,0,0,8,1,8
1938,340461476,0,7,89,1,6,0,0,0,0,0,5,0,6
1938,340461476,0,8,6,0,1,0,0,0,0,0,1,0,1
1938,340461476,0,9,12,0,3,0,0,0,0,0,3,0,3
1938,340461476,0,10,16,2,3,0,1,0,0,0,2,0,3
1938,340461476,0,11,9,0,1,0,0,0,0,0,1,0,1
1938,340461476,0,12,14,1,2,0,0,0,0,0,1,0,2
1938,340461476,0,13,6,0,1,0,0,0,0,0,1,0,1
1938,340461476,0,14,9,0,2,0,0,0,0,0,2,0,2
1938,340461476,0,15,14,1,3,0,1,0,0,0,3,0,3
1938,340461476,0,16,10,0,2,0,0,0,0,0,2,0,2
1938,340461476,0,17,8,0,1,0,0,0,0,0,1,0,1
1938,340461476,0,18,8,0,1,0,0,0,0,0,1,0,1
1938,340461476,0,19,10,0,1,0,0,0,0,0,1,0,1
1938,340461476,0,20,17,0,1,0,0,0,0,0,1,0,1
1938,340461476,0,21,11,0,0,0,0,0,0,0,0,0,0
1938,340461476,0,22,10,0,0,0,0,0,0,0,0,0,0
1938,340461476,0,23,6,0,0,0,0,0,0,0,0,0,0
1938,340461476,0,24,12,0,1,0,0,0,0,0,1,0,1
1938,340461476,0,25,11,0,0,0,0,0,0,0,0,0,0
1938,340461476,0,26,11,0,0,0,0,0,0,0,0,0,0
1938,340461476,0,27,6,0,1,0,0,0,0,0,2,0,1
1938,340461476,0,28,8,0,1,0,0,0,0,0,1,0,1
1938,340461476,0,29,8,0,1,0,0,0,0,0,1,0,1
1938,340461476,0,30,6,0,1,0,0,0,0,0,1,0,1
1938,340461476,0,31,12,0,1,0,0,0,0,0,1,0,1
1938,340461476,0,32,10,1,1,0,0,0,0,0,0,0,1
1938,340461476,0,33,6,0,1,0,0,0,0,0,1,0,1
1938,340461476,0,34,7,0,0,0,0,0,0,0,0,0,0
1938,340461476,0,35,7,0,3,0,0,0,0,0,2,1,3
1938,340461476,0,36,9,0,4,0,0,0,0,0,4,0,4
1938,340461476,0,37,8,0,2,0,0,0,0,0,2,0,2
1938,340461476,0,38,10,0,1,0,0,0,0,0,1,0,1
1938,340461476,0,39,7,0,1,0,0,0,0,0,1,0,1
1938,340461476,0,40,7,0,2,0,0,0,0,0,2,0,2
1938,340461476,0,41,7,0,0,0,0,0,0,0,0,0,0
1938,340461476,0,42,8,0,0,0,0,0,0,0,0,0,0
1938,340461476,0,43,9,1,1,0,1,0,0,0,1,0,1
1938,340461476,0,44,4,0,1,0,0,0,0,0,1,0,1
1938,340461476,0,45,2,0,0,0,0,0,0,0,0,0,0
1938,340461476,0,46,2,0,1,0,0,0,0,0,1,0,1
1938,340461476,0,47,5,0,0,0,0,0,0,0,0,0,0
1938,340461476,0,48,10,0,2,0,0,0,0,0,2,0,2
1938,340461476,0,49,9,0,2,0,0,0,0,0,2,0,2
1938,340461476,0,50,6,0,0,0,0,0,0,0,0,0,0
1938,340461476,0,51,8,0,0,0,0,0,0,0,0,0,0
1938,340461476,0,52,2,0,1,0,0,0,0,0,1,0,1
1938,340461476,0,53,3,0,0,0,0,0,0,0,0,0,0
1938,340461476,0,54,3,0,1,0,0,0,0,0,0,1,1
1938,340461476,0,55,4,0,0,0,0,0,0,0,0,0,0
1938,340461476,0,56,1,0,0,0,0,0,0,0,0,0,0
1938,340461476,0,57,5,0,0,0,0,0,0,0,0,0,0
1938,340461476,0,58,1,0,0,0,0,0,0,0,0,0,0
1938,340461476,0,59,3,0,2,0,0,0,0,0,2,0,2
1938,340461476,0,60,2,0,0,0,0,0,0,0,0,0,0
1938,340461476,0,61,3,0,0,0,0,0,0,0,0,0,0
1938,340461476,0,62,3,0,0,0,0,0,0,0,0,0,0
1938,340461476,0,63,4,0,0,0,0,0,0,0,0,0,0
1938,340461476,0,64,8,0,3,0,0,0,0,0,3,0,3
1938,340461476,0,65,5,1,3,0,0,0,0,0,2,0,3
1938,340461476,0,66,3,0,0,0,0,0,0,0,0,1,0
1938,340461476,0,67,6,0,0,0,0,0,0,0,0,0,0
1938,340461476,0,68,0,0,0,0,0,0,0,0,0,0,0
1938,340461476,0,69,2,1,0,1,0,0,0,0,0,0,0
1938,340461476,0,70,3,0,0,0,0,0,0,0,0,0,0
1938,340461476,0,71,0,0,0,0,0,0,0,0,0,0,0
1938,340461476,0,72,3,0,0,0,0,0,0,0,0,0,0
1938,340461476,0,73,0,0,0,0,0,0,0,0,0,0,0
1938,340461476,0,74,2,0,0,0,0,0,0,0,0,0,0
1938,340461476,0,75,1,0,0,0,0,0,0,0,0,0,0
1938,340461476,0,76,2,0,0,0,0,0,0,0,0,0,0
1938,340461476,0,77,1,0,0,0,0,0,0,0,0,0,0
1938,340461476,0,78,0,0,0,0,0,0,0,0,0,0,0
1938,340461476,0,79,0,0,0,0,0,0,0,0,0,0,0
1938,340461476,0,80,0,0,1,0,0,0,0,0,0,1,1
1938,340461476,0,81,2,0,0,0,0,0,0,0,0,0,0
1938,340461476,0,82,1,0,0,0,0,0,0,0,0,0,0
1938,340461476,0,83,1,0,0,0,0,0,0,0,0,0,0
1938,340461476,0,84,0,0,0,0,0,0,0,0,0,0,0
1938,340461476,0,85,0,0,0,0,0,0,0,0,0,0,0
1938,340461476,0,86,1,0,0,0,0,0,0,0,0,0,0
1938,340461476,0,87,0,0,0,0,0,0,0,0,1,0,0
1938,340461476,0,88,1,0,0,0,0,0,0,0,0,0,0
1938,340461476,0,89,0,0,0,0,0,0,0,0,0,0,0
1938,340461476,0,90,0,0,0,0,0,0,0,0,0,0,0
1938,340461476,0,91,0,0,0,0,0,0,0,0,0,0,0
1938,340461476,0,92,0,0,0,0,0,0,0,0,0,0,0
1938,340461476,0,93,0,0,0,0,0,0,0,0,0,0,0
1938,340461476,0,94,0,0,0,0,0,0,0,0,0,0,0
1938,340461476,0,95,0,0,0,0,0,0,0,0,0,0,0
1938,340461476,0,96,1,0,0,0,0,0,0,0,0,0,0
1938,340461476,0,97,0,0,0,0,0,0,0,0,0,0,0
1938,340461476,0,98,0,0,0,0,0,0,0,0,0,0,0
1938,340461476,0,99,0,0,0,0,0,0,0,0,0,0,0
1938,340461476,1,0,82,2,8,0,2,0,0,0,8,0,8
1938,340461476,1,1,71,1,7,0,0,0,0,0,11,0,7
1938,340461476,1,2,77,0,11,0,0,0,0,0,8,1,11
1938,340461476,1,3,81,0,10,0,0,0,0,0,10,2,10
1938,340461476,1,4,70,0,8,0,0,0,0,0,7,1,8
1938,340461476,1,5,72,1,6,0,1,0,0,0,8,0,6
1938,340461476,1,6,59,0,5,0,0,0,0,0,6,1,5
1938,340461476,1,7,88,0,3,0,0,0,0,0,4,0,3
1938,340461476,1,8,11,0,2,0,0,0,0,0,0,2,2
1938,340461476,1,9,12,0,0,0,0,0,0,0,1,0,0
1938,340461476,1,10,13,0,0,0,0,0,0,0,0,0,0
1938,340461476,1,11,18,0,3,0,0,0,0,0,2,0,3
1938,340461476,1,12,15,2,4,0,2,0,0,0,5,0,4
1938,340461476,1,13,10,1,2,0,0,0,0,0,1,0,2
1938,340461476,1,14,16,0,3,0,0,0,0,0,4,0,3
1938,340461476,1,15,15,0,0,0,0,0,0,0,0,0,0
1938,340461476,1,16,16,0,4,0,0,0,0,0,3,0,4
1938,340461476,1,17,13,0,3,0,0,0,0,0,5,0,3
1938,340461476,1,18,4,0,1,0,0,0,0,0,1,0,1
1938,340461476,1,19,14,0,2,0,0,0,0,0,2,0,2
1938,340461476,1,20,12,0,0,0,0,0,0,0,0,0,0
1938,340461476,1,21,6,0,0,0,0,0,0,0,0,0,0
1938,340461476,1,22,14,0,1,0,0,0,0,0,1,0,1
1938,340461476,1,23,14,1,1,0,0,0,0,0,0,0,1
1938,340461476,1,24,7,0,1,0,0,0,0,0,1,0,1
1938,340461476,1,25,7,0,2,0,0,0,0,0,2,0,2
1938,340461476,1,26,8,0,0,0,0,0,0,0,0,0,0
1938,340461476,1,27,13,0,3,0,0,0,0,0,3,0,3
1938,340461476,1,28,6,0,0,0,0,0,0,0,0,0,0
1938,340461476,1,29,6,0,0,0,0,0,0,0,0,0,0
1938,340461476,1,30,5,1,0,1,0,0,0,0,0,0,0
1938,340461476,1,31,12,0,0,0,0,0,0,0,0,0,0
1938,340461476,1,32,8,0,0,0,0,0,0,0,0,0,0
1938,340461476,1,33,6,0,0,0,0,0,0,0,0,0,0
1938,340461476,1,34,2,0,0,0,0,0,0,0,0,0,0
1938,340461476,1,35,6,0,0,0,0,0,0,0,0,0,0
1938,340461476,1,36,6,1,1,1,0,0,0,0,2,0,1
1938,340461476,1,37,9,1,0,1,0,0,0,0,0,0,0
1938,340461476,1,38,6,0,0,0,0,0,0,0,0,0,0
1938,340461476,1,39,5,1,0,1,0,0,0,0,0,0,0
1938,340461476,1,40,5,2,1,1,0,0,0,0,0,0,1
1938,340461476,1,41,3,0,0,0,0,0,0,0,0,0,0
1938,340461476,1,42,4,0,1,0,0,0,0,0,1,0,1
1938,340461476,1,43,7,1,1,0,0,0,0,0,0,0,1
1938,340461476,1,44,5,1,3,1,0,0,0,0,2,1,3
1938,340461476,1,45,9,0,0,0,0,0,0,0,0,0,0
1938,340461476,1,46,6,2,0,2,0,0,0,0,1,0,0
1938,340461476,1,47,7,0,1,0,0,0,0,0,1,0,1
1938,340461476,1,48,6,1,0,1,0,0,0,0,0,0,0
1938,340461476,1,49,6,0,0,0,0,0,0,0,1,0,0
1938,340461476,1,50,6,0,0,0,0,0,0,0,0,0,0
1938,340461476,1,51,7,0,1,0,0,0,0,0,1,0,1
1938,340461476,1,52,7,0,0,0,0,0,0,0,0,0,0
1938,340461476,1,53,8,0,0,0,0,0,0,0,0,0,0
1938,340461476,1,54,2,0,1,0,0,0,0,0,1,0,1
1938,340461476,1,55,5,0,0,0,0,0,0,0,0,0,0
1938,340461476,1,56,4,0,2,0,0,0,0,1,2,0,2
1938,340461476,1,57,6,1,2,1,0,0,0,0,2,0,2
1938,340461476,1,58,4,1,0,1,0,0,0,0,0,0,0
1938,340461476,1,59,4,1,2,0,0,0,0,0,1,0,2
1938,340461476,1,60,5,0,0,0,0,0,0,0,0,0,0
1938,340461476,1,61,4,0,0,0,0,0,0,0,0,0,0
1938,340461476,1,62,4,1,1,0,0,0,0,0,0,0,1
1938,340461476,1,63,1,0,0,0,0,0,0,0,0,0,0
1938,340461476,1,64,1,0,0,0,0,0,0,0,0,0,0
1938,340461476,1,65,3,1,0,1,0,0,0,0,0,0,0
1938,340461476,1,66,2,1,0,1,0,0,0,0,0,0,0
1938,340461476,1,67,4,0,0,0,0,0,0,0,0,0,0
1938,340461476,1,68,0,0,0,0,0,0,0,0,0,0,0
1938,340461476,1,69,3,0,0,0,0,0,0,0,0,0,0
1938,340461476,1,70,3,0,0,0,0,0,0,0,0,0,0
1938,340461476,1,71,3,0,0,0,0,0,0,0,0,0,0
1938,340461476,1,72,2,0,0,0,0,0,0,0,0,0,0
1938,340461476,1,73,0,0,0,0,0,0,0,0,0,0,0
1938,340461476,1,74,0,0,1,0,0,0,0,0,1,0,1
1938,340461476,1,75,2,1,1,0,1,0,0,0,1,0,1
1938,340461476,1,76,0,0,0,0,0,0,0,0,0,0,0
1938,340461476,1,77,1,0,1,0,0,0,0,0,1,0,1
1938,340461476,1,78,0,0,0,0,0,0,0,0,0,0,0
1938,340461476,1,79,1,0,0,0,0,0,0,0,0,0,0
1938,340461476,1,80,0,0,0,0,0,0,0,0,0,0,0
1938,340461476,1,81,0,0,0,0,0,0,0,0,0,0,0
1938,340461476,1,82,0,0,1,0,0,0,0,0,1,0,1
1938,340461476,1,83,2,0,0,0,0,0,0,0,0,0,0
1938,340461476,1,84,0,0,0,0,0,0,0,0,0,0,0
1938,340461476,1,85,1,0,0,0,0,0,0,0,0,0,0
1938,340461476,1,86,0,0,1,0,0,0,0,0,1,0,1
1938,340461476,1,87,1,0,0,0,0,0,0,0,0,0,0
1938,340461476,1,88,0,0,0,0,0,0,0,0,0,0,0
1938,340461476,1,89,0,0,0,0,0,0,0,0,0,0,0
1938,340461476,1,90,0,0,0,0,0,0,0,0,0,0,0
1938,340461476,1,91,0,0,0,0,0,0,0,0,0,0,0
1938,340461476,1,92,0,0,0,0,0,0,0,0,0,0,0
1938,340461476,1,93,0,0,0,0,0,0,0,0,0,0,0
1938,340461476,1,94,0,0,0,0,0,0,0,0,0,0,0
1938,340461476,1,95,0,0,0,0,0,0,0,0,0,0,0
1938,340461476,1,96,0,0,0,0,0,0,0,0,0,0,0
1938,340461476,1,97,0,0,0,0,0,0,0,0,0,0,0
1938,340461476,1,98,0,0,0,0,0,0,0,0,0,0,0
1938,340461476,1,99,0,0,0,0,0,0,0,0,0,0,0
1939,340461476,0,0,85,1,9,0,0,0,0,0,9,0,9
1939,340461476,0,1,81,0,6,0,0,0,0,0,2,4,6
1939,340461476,0,2,72,3,13,0,3,0,0,0,12,1,13
1939,340461476,0,3,69,1,5,0,1,0,0,0,4,1,5
1939,340461476,0,4,71,0,4,0,0,0,0,0,4,0,4
1939,340461476,0,5,63,2,9,0,1,0,0,0,8,0,9
1939,340461476,0,6,67,0,6,0,0,0,0,0,5,0,6
1939,340461476,0,7,67,2,8,0,2,0,0,0,9,1,8
1939,340461476,0,8,88,1,4,0,0,1,0,0,3,1,4
1939,340461476,0,9,6,0,1,0,0,0,0,0,1,0,1
1939,340461476,0,10,12,0,3,0,0,0,0,0,4,0,3
1939,340461476,0,11,16,0,0,0,0,0,0,0,0,0,0
1939,340461476,0,12,9,0,2,0,0,0,0,0,3,0,2
1939,340461476,0,13,13,0,0,0,0,0,0,0,0,0,0
1939,340461476,0,14,6,0,0,0,0,0,0,0,0,0,0
1939,340461476,0,15,9,0,3,0,0,0,0,0,3,0,3
1939,340461476,0,16,14,0,2,0,0,0,0,0,2,0,2
1939,340461476,0,17,10,0,0,0,0,0,0,0,0,0,0
1939,340461476,0,18,8,0,1,0,0,0,0,0,0,1,1
1939,340461476,0,19,8,0,0,0,0,0,0,0,0,0,0
1939,340461476,0,20,10,0,0,0,0,0,0,0,0,0,0
1939,340461476,0,21,17,0,1,0,0,0,0,0,1,0,1
1939,340461476,0,22,11,1,3,0,0,0,0,0,1,1,3
1939,340461476,0,23,10,0,1,0,0,0,0,0,1,0,1
1939,340461476,0,24,6,0,1,0,0,0,0,0,0,1,1
1939,340461476,0,25,12,0,3,0,0,0,0,0,3,0,3
1939,340461476,0,26,11,0,0,0,0,0,0,0,0,0,0
1939,340461476,0,27,11,0,0,0,0,0,0,0,0,0,0
1939,340461476,0,28,6,0,0,0,0,0,0,0,0,0,0
1939,340461476,0,29,8,0,1,0,0,0,0,0,1,0,1
1939,340461476,0,30,8,0,2,0,0,0,0,0,1,1,2
1939,340461476,0,31,6,1,2,0,1,0,0,0,2,0,2
1939,340461476,0,32,12,0,4,0,0,0,0,0,5,0,4
1939,340461476,0,33,10,0,1,0,0,0,0,0,1,0,1
1939,340461476,0,34,6,0,1,0,0,0,0,0,1,0,1
1939,340461476,0,35,7,1,1,0,1,0,0,0,1,0,1
1939,340461476,0,36,7,0,0,0,0,0,0,0,0,0,0
1939,340461476,0,37,8,0,4,0,0,0,0,0,4,0,4
1939,340461476,0,38,7,0,2,0,0,0,0,0,2,0,2
1939,340461476,0,39,10,0,1,0,0,0,0,0,1,0,1
1939,340461476,0,40,7,0,0,0,0,0,0,0,0,0,0
1939,340461476,0,41,7,0,0,0,0,0,0,0,0,0,0
1939,340461476,0,42,7,0,0,0,0,0,0,0,0,0,0
1939,340461476,0,43,8,0,0,0,0,0,0,0,0,0,0
1939,340461476,0,44,9,0,0,0,0,0,0,0,0,0,0
1939,340461476,0,45,4,0,0,0,0,0,0,0,0,0,0
1939,340461476,0,46,2,0,0,0,0,0,0,0,0,0,0
1939,340461476,0,47,2,0,0,0,0,0,0,0,0,0,0
1939,340461476,0,48,5,0,0,0,0,0,0,0,0,0,0
1939,340461476,0,49,10,1,1,0,1,0,0,0,1,0,1
1939,340461476,0,50,9,0,2,0,0,0,0,0,2,0,2
1939,340461476,0,51,6,0,0,0,0,0,0,0,0,0,0
1939,340461476,0,52,8,0,1,0,0,0,0,0,1,0,1
1939,340461476,0,53,2,0,1,0,0,0,0,0,1,0,1
1939,340461476,0,54,3,1,1,0,1,0,0,0,1,0,1
1939,340461476,0,55,3,0,0,0,0,0,0,0,0,0,0
1939,340461476,0,56,4,1,1,0,0,1,0,0,0,1,1
1939,340461476,0,57,1,0,0,0,0,0,0,0,0,0,0
1939,340461476,0,58,5,0,0,0,0,0,0,0,0,0,0
1939,340461476,0,59,1,0,0,0,0,0,0,0,0,0,0
1939,340461476,0,60,3,0,2,0,0,0,0,0,1,1,2
1939,340461476,0,61,2,1,1,0,0,1,0,0,0,1,1
1939,340461476,0,62,3,0,0,0,0,0,0,0,0,0,0
1939,340461476,0,63,3,0,0,0,0,0,0,0,0,0,0
1939,340461476,0,64,4,0,0,0,0,0,0,0,0,0,0
1939,340461476,0,65,6,0,1,0,0,0,0,0,2,0,1
1939,340461476,0,66,5,0,0,0,0,0,0,0,0,0,0
1939,340461476,0,67,3,0,1,0,0,0,0,0,1,0,1
1939,340461476,0,68,6,0,0,0,0,0,0,0,0,0,0
1939,340461476,0,69,0,0,0,0,0,0,0,0,0,0,0
1939,340461476,0,70,2,1,0,1,0,0,0,0,0,0,0
1939,340461476,0,71,3,0,0,0,0,0,0,0,0,0,0
1939,340461476,0,72,0,0,0,0,0,0,0,0,0,0,0
1939,340461476,0,73,2,0,0,0,0,0,0,0,0,0,0
1939,340461476,0,74,0,0,1,0,0,0,0,0,1,0,1
1939,340461476,0,75,2,0,0,0,0,0,0,0,0,0,0
1939,340461476,0,76,0,0,0,0,0,0,0,0,0,0,0
1939,340461476,0,77,2,0,0,0,0,0,0,0,0,0,0
1939,340461476,0,78,1,0,0,0,0,0,0,0,0,0,0
1939,340461476,0,79,0,0,0,0,0,0,0,0,0,0,0
1939,340461476,0,80,0,0,0,0,0,0,0,0,0,0,0
1939,340461476,0,81,0,0,0,0,0,0,0,0,0,0,0
1939,340461476,0,82,2,0,0,0,0,0,0,0,0,0,0
1939,340461476,0,83,1,0,0,0,0,0,0,0,0,0,0
1939,340461476,0,84,1,0,0,0,0,0,0,0,0,0,0
1939,340461476,0,85,0,0,0,0,0,0,0,0,0,0,0
1939,340461476,0,86,0,0,0,0,0,0,0,0,0,0,0
1939,340461476,0,87,1,0,0,0,0,0,0,0,0,0,0
1939,340461476,0,88,0,0,0,0,0,0,0,0,0,0,0
1939,340461476,0,89,1,0,0,0,0,0,0,0,0,0,0
1939,340461476,0,90,0,0,0,0,0,0,0,0,0,0,0
1939,340461476,0,91,0,0,0,0,0,0,0,0,0,0,0
1939,340461476,0,92,0,0,0,0,0,0,0,0,0,0,0
1939,340461476,0,93,0,0,0,0,0,0,0,0,0,0,0
1939,340461476,0,94,0,0,0,0,0,0,0,0,0,0,0
1939,340461476,0,95,0,0,0,0,0,0,0,0,0,0,0
1939,340461476,0,96,0,0,0,0,0,0,0,0,0,0,0
1939,340461476,0,97,1,0,0,0,0,0,0,0,0,0,0
1939,340461476,0,98,0,0,0,0,0,0,0,0,0,0,0
1939,340461476,0,99,0,0,0,0,0,0,0,0,0,0,0
1939,340461476,1,0,96,0,11,0,0,0,0,0,10,0,11
1939,340461476,1,1,76,1,7,0,1,0,0,0,6,3,7
1939,340461476,1,2,71,1,9,0,1,0,0,0,6,3,9
1939,340461476,1,3,76,1,12,0,1,0,0,0,10,2,12
1939,340461476,1,4,78,1,11,0,0,1,0,0,9,1,11
1939,340461476,1,5,70,0,5,0,0,0,0,0,5,0,5
1939,340461476,1,6,72,3,11,0,2,0,0,0,10,1,11
1939,340461476,1,7,59,0,8,0,0,0,0,0,7,0,8
1939,340461476,1,8,88,4,10,0,2,0,0,0,9,0,10
1939,340461476,1,9,11,0,0,0,0,0,0,0,0,0,0
1939,340461476,1,10,12,1,1,0,1,0,0,0,1,0,1
1939,340461476,1,11,13,0,3,0,0,0,0,0,2,1,3
1939,340461476,1,12,18,0,3,0,0,0,0,0,3,0,3
1939,340461476,1,13,15,0,0,0,0,0,0,0,1,0,0
1939,340461476,1,14,10,1,2,0,1,0,0,0,2,0,2
1939,340461476,1,15,16,0,2,0,0,0,0,0,2,0,2
1939,340461476,1,16,15,0,3,0,0,0,0,0,3,0,3
1939,340461476,1,17,16,0,1,0,0,0,0,0,0,1,1
1939,340461476,1,18,13,0,0,0,0,0,0,0,0,0,0
1939,340461476,1,19,4,0,1,0,0,0,0,0,1,0,1
1939,340461476,1,20,14,0,3,0,0,0,0,0,2,1,3
1939,340461476,1,21,12,0,1,0,0,0,0,0,1,0,1
1939,340461476,1,22,6,0,0,0,0,0,0,0,0,0,0
1939,340461476,1,23,14,1,3,0,1,0,0,0,4,0,3
1939,340461476,1,24,14,0,0,0,0,0,0,0,0,0,0
1939,340461476,1,25,7,0,0,0,0,0,0,0,0,0,0
1939,340461476,1,26,7,1,1,0,1,0,0,0,1,0,1
1939,340461476,1,27,8,1,1,1,0,0,0,1,1,0,1
1939,340461476,1,28,13,0,0,0,0,0,0,0,0,0,0
1939,340461476,1,29,6,0,2,0,0,0,0,0,2,0,2
1939,340461476,1,30,6,0,1,0,0,0,0,0,1,0,1
1939,340461476,1,31,5,1,0,1,0,0,0,0,0,0,0
1939,340461476,1,32,12,1,2,0,1,0,0,0,2,0,2
1939,340461476,1,33,8,1,1,0,1,0,0,0,1,0,1
1939,340461476,1,34,6,0,0,0,0,0,0,0,0,0,0
1939,340461476,1,35,2,1,1,0,0,0,0,0,0,0,1
1939,340461476,1,36,6,0,1,0,0,0,0,0,0,0,1
1939,340461476,1,37,6,2,2,2,0,0,0,1,3,0,2
1939,340461476,1,38,9,1,0,1,0,0,0,0,0,0,0
1939,340461476,1,39,6,0,0,0,0,0,0,0,0,0,0
1939,340461476,1,40,4,1,0,1,0,0,0,0,1,0,0
1939,340461476,1,41,5,1,2,1,0,0,0,0,1,1,2
1939,340461476,1,42,3,0,1,0,0,0,0,0,1,0,1
1939,340461476,1,43,4,0,0,0,0,0,0,0,1,0,0
1939,340461476,1,44,7,1,2,1,0,0,0,1,1,1,2
1939,340461476,1,45,5,2,1,1,1,0,0,0,1,0,1
1939,340461476,1,46,9,0,1,0,0,0,0,0,1,0,1
1939,340461476,1,47,6,2,0,2,0,0,0,0,0,0,0
1939,340461476,1,48,7,0,1,0,0,0,0,0,1,0,1
1939,340461476,1,49,6,1,0,1,0,0,0,0,0,0,0
1939,340461476,1,50,6,1,2,0,1,0,0,0,2,0,2
1939,340461476,1,51,6,0,0,0,0,0,0,0,0,0,0
1939,340461476,1,52,7,0,0,0,0,0,0,0,0,0,0
1939,340461476,1,53,7,0,1,0,0,0,0,0,1,0,1
1939,340461476,1,54,8,0,1,0,0,0,0,0,1,0,1
1939,340461476,1,55,2,1,1,0,1,0,0,0,1,0,1
1939,340461476,1,56,5,0,4,0,0,0,0,0,4,0,4
1939,340461476,1,57,4,0,0,0,0,0,0,0,0,0,0
1939,340461476,1,58,6,1,0,1,0,0,0,0,0,0,0
1939,340461476,1,59,4,2,2,1,1,0,0,0,3,0,2
1939,340461476,1,60,4,0,0,0,0,0,0,0,0,0,0
1939,340461476,1,61,5,0,0,0,0,0,0,0,0,0,0
1939,340461476,1,62,4,0,1,0,0,0,0,1,1,1,1
1939,340461476,1,63,4,1,1,1,0,0,0,0,0,1,1
1939,340461476,1,64,1,0,0,0,0,0,0,0,0,0,0
1939,340461476,1,65,1,0,0,0,0,0,0,0,0,0,0
1939,340461476,1,66,3,1,0,1,0,0,0,0,0,0,0
1939,340461476,1,67,2,1,0,1,0,0,0,0,0,0,0
1939,340461476,1,68,4,0,0,0,0,0,0,0,0,0,0
1939,340461476,1,69,0,0,0,0,0,0,0,0,0,0,0
1939,340461476,1,70,3,0,0,0,0,0,0,0,0,0,0
1939,340461476,1,71,3,0,1,0,0,0,0,0,1,0,1
1939,340461476,1,72,3,0,0,0,0,0,0,0,0,0,0
1939,340461476,1,73,2,0,0,0,0,0,0,0,0,0,0
1939,340461476,1,74,0,0,0,0,0,0,0,0,0,0,0
1939,340461476,1,75,0,0,0,0,0,0,0,0,0,0,0
1939,340461476,1,76,2,0,0,0,0,0,0,0,0,0,0
1939,340461476,1,77,0,0,0,0,0,0,0,0,0,0,0
1939,340461476,1,78,1,0,0,0,0,0,0,0,0,0,0
1939,340461476,1,79,0,0,0,0,0,0,0,0,0,0,0
1939,340461476,1,80,1,0,0,0,0,0,0,0,0,0,0
1939,340461476,1,81,0,0,0,0,0,0,0,0,0,0,0
1939,340461476,1,82,0,0,0,0,0,0,0,0,0,0,0
1939,340461476,1,83,0,0,0,0,0,0,0,0,0,0,0
1939,340461476,1,84,1,0,0,0,0,0,0,0,0,0,0
1939,340461476,1,85,0,0,0,0,0,0,0,0,0,0,0
1939,340461476,1,86,0,0,0,0,0,0,0,0,0,0,0
1939,340461476,1,87,0,0,0,0,0,0,0,0,0,0,0
1939,340461476,1,88,1,0,0,0,0,0,0,0,0,0,0
1939,340461476,1,89,0,0,0,0,0,0,0,0,0,0,0
1939,340461476,1,90,0,0,0,0,0,0,0,0,0,0,0
1939,340461476,1,91,0,0,0,0,0,0,0,0,0,0,0
1939,340461476,1,92,0,0,0,0,0,0,0,0,0,0,0
1939,340461476,1,93,0,0,0,0,0,0,0,0,0,0,0
1939,340461476,1,94,0,0,0,0,0,0,0,0,0,0,0
1939,340461476,1,95,0,0,0,0,0,0,0,0,0,0,0
1939,340461476,1,96,0,0,0,0,0,0,0,0,0,0,0
1939,340461476,1,97,0,0,0,0,0,0,0,0,0,0,0
1939,340461476,1,98,0,0,0,0,0,0,0,0,0,0,0
1939,340461476,1,99,0,0,0,0,0,0,0,0,0,0,0
1940,340461476,0,0,86,1,13,0,1,0,0,0,12,1,13
1940,340461476,0,1,78,0,13,0,0,0,0,0,12,1,13
1940,340461476,0,2,80,1,16,0,1,0,0,0,13,3,16
1940,340461476,0,3,70,0,9,0,0,0,0,0,9,1,9
1940,340461476,0,4,67,0,8,0,0,0,0,0,8,0,8
1940,340461476,0,5,70,1,9,0,1,0,0,0,8,1,9
1940,340461476,0,6,63,0,9,0,0,0,0,0,9,1,9
1940,340461476,0,7,67,0,6,0,0,0,0,0,3,3,6
1940,340461476,0,8,67,0,4,0,0,0,0,0,3,1,4
1940,340461476,0,9,87,2,7,0,2,0,0,0,7,0,7
1940,340461476,0,10,6,0,2,0,0,0,0,0,2,0,2
1940,340461476,0,11,11,0,0,0,0,0,0,0,0,0,0
1940,340461476,0,12,16,1,1,0,1,0,0,0,1,0,1
1940,340461476,0,13,9,0,0,0,0,0,0,0,0,0,0
1940,340461476,0,14,13,0,2,0,0,0,0,0,1,1,2
1940,340461476,0,15,6,0,2,0,0,0,0,0,2,0,2
1940,340461476,0,16,9,0,0,0,0,0,0,0,0,0,0
1940,340461476,0,17,14,1,3,0,1,0,0,0,3,0,3
1940,340461476,0,18,10,0,0,0,0,0,0,0,0,0,0
1940,340461476,0,19,8,0,1,0,0,0,0,0,1,0,1
1940,340461476,0,20,8,0,1,0,0,0,0,0,1,0,1
1940,340461476,0,21,10,0,0,0,0,0,0,0,0,0,0
1940,340461476,0,22,17,1,2,0,0,1,0,0,2,1,2
1940,340461476,0,23,11,0,2,0,0,0,0,0,2,0,2
1940,340461476,0,24,10,0,3,0,0,0,0,0,2,1,3
1940,340461476,0,25,6,0,0,0,0,0,0,0,0,0,0
1940,340461476,0,26,12,0,0,0,0,0,0,0,0,0,0
1940,340461476,0,27,11,0,0,0,0,0,0,0,0,0,0
1940,340461476,0,28,11,1,1,0,1,0,0,0,1,0,1
1940,340461476,0,29,6,0,0,0,0,0,0,0,0,0,0
1940,340461476,0,30,8,0,0,0,0,0,0,0,0,0,0
1940,340461476,0,31,8,0,2,0,0,0,0,0,2,0,2
1940,340461476,0,32,6,0,0,0,0,0,0,0,0,0,0
1940,340461476,0,33,12,0,3,0,0,0,0,0,3,0,3
1940,340461476,0,34,10,1,3,0,1,0,0,0,3,0,3
1940,340461476,0,35,6,0,0,0,0,0,0,0,0,0,0
1940,340461476,0,36,7,0,1,0,0,0,0,0,1,0,1
1940,340461476,0,37,7,0,1,0,0,0,0,0,1,0,1
1940,340461476,0,38,8,0,1,0,0,0,0,0,0,1,1
1940,340461476,0,39,7,0,2,0,0,0,0,0,2,0,2
1940,340461476,0,40,9,0,0,0,0,0,0,0,0,0,0
1940,340461476,0,41,7,0,1,0,0,0,0,0,1,0,1
1940,340461476,0,42,6,0,1,0,0,0,0,0,1,0,1
1940,340461476,0,43,7,0,0,0,0,0,0,0,0,0,0
1940,340461476,0,44,8,0,0,0,0,0,0,0,0,0,0
1940,340461476,0,45,9,0,1,0,0,0,0,0,1,0,1
1940,340461476,0,46,4,0,0,0,0,0,0,0,0,0,0
1940,340461476,0,47,2,0,0,0,0,0,0,0,0,0,0
1940,340461476,0,48,2,0,0,0,0,0,0,0,0,0,0
1940,340461476,0,49,5,0,1,0,0,0,0,0,1,0,1
1940,340461476,0,50,10,0,0,0,0,0,0,0,0,0,0
1940,340461476,0,51,9,0,2,0,0,0,0,0,2,0,2
1940,340461476,0,52,6,0,0,0,0,0,0,0,0,0,0
1940,340461476,0,53,7,0,0,0,0,0,0,0,0,0,0
1940,340461476,0,54,2,0,0,0,0,0,0,0,0,0,0
1940,340461476,0,55,3,0,0,0,0,0,0,0,0,0,0
1940,340461476,0,56,3,0,0,0,0,0,0,0,0,0,0
1940,340461476,0,57,4,0,1,0,0,0,0,0,1,0,1
1940,340461476,0,58,1,0,1,0,0,0,0,0,1,0,1
1940,340461476,0,59,5,0,0,0,0,0,0,0,0,0,0
1940,340461476,0,60,1,0,0,0,0,0,0,0,0,0,0
1940,340461476,0,61,3,0,0,0,0,0,0,0,0,0,0
1940,340461476,0,62,2,0,1,0,0,0,0,0,1,0,1
1940,340461476,0,63,3,0,0,0,0,0,0,0,0,0,0
1940,340461476,0,64,3,0,0,0,0,0,0,0,0,0,0
1940,340461476,0,65,4,0,0,0,0,0,0,0,0,0,0
1940,340461476,0,66,6,0,1,0,0,0,0,0,1,0,1
1940,340461476,0,67,4,0,1,0,0,0,0,0,1,0,1
1940,340461476,0,68,3,0,1,0,0,0,0,0,1,0,1
1940,340461476,0,69,6,0,0,0,0,0,0,0,0,0,0
1940,340461476,0,70,0,0,1,0,0,0,0,0,0,1,1
1940,340461476,0,71,2,1,1,1,0,0,0,0,1,0,1
1940,340461476,0,72,3,0,1,0,0,0,0,0,1,0,1
1940,340461476,0,73,0,0,0,0,0,0,0,0,0,0,0
1940,340461476,0,74,2,1,2,0,1,0,0,0,1,1,2
1940,340461476,0,75,0,0,0,0,0,0,0,0,0,0,0
1940,340461476,0,76,2,0,0,0,0,0,0,0,0,0,0
1940,340461476,0,77,0,0,0,0,0,0,0,0,0,0,0
1940,340461476,0,78,2,0,0,0,0,0,0,0,0,0,0
1940,340461476,0,79,1,0,0,0,0,0,0,0,0,0,0
1940,340461476,0,80,0,0,0,0,0,0,0,0,0,0,0
1940,340461476,0,81,0,0,0,0,0,0,0,0,0,0,0
1940,340461476,0,82,0,0,0,0,0,0,0,0,0,0,0
1940,340461476,0,83,1,0,0,0,0,0,0,0,0,0,0
1940,340461476,0,84,1,0,0,0,0,0,0,0,0,0,0
1940,340461476,0,85,1,0,0,0,0,0,0,0,0,0,0
1940,340461476,0,86,0,0,0,0,0,0,0,0,0,0,0
1940,340461476,0,87,0,0,0,0,0,0,0,0,0,0,0
1940,340461476,0,88,1,0,0,0,0,0,0,0,0,0,0
1940,340461476,0,89,0,0,0,0,0,0,0,0,0,0,0
1940,340461476,0,90,1,0,0,0,0,0,0,0,0,0,0
1940,340461476,0,91,0,0,0,0,0,0,0,0,0,0,0
1940,340461476,0,92,0,0,0,0,0,0,0,0,0,0,0
1940,340461476,0,93,0,0,0,0,0,0,0,0,0,0,0
1940,340461476,0,94,0,0,0,0,0,0,0,0,0,0,0
1940,340461476,0,95,0,0,0,0,0,0,0,0,0,0,0
1940,340461476,0,96,0,0,0,0,0,0,0,0,0,0,0
1940,340461476,0,97,0,0,0,0,0,0,0,0,0,0,0
1940,340461476,0,98,1,0,0,0,0,0,0,0,0,0,0
1940,340461476,0,99,0,0,0,0,0,0,0,0,0,0,0
1940,340461476,1,0,87,2,14,0,2,0,0,0,14,0,14
1940,340461476,1,1,89,3,8,0,3,0,0,0,7,1,8
1940,340461476,1,2,75,0,10,0,0,0,0,0,9,1,10
1940,340461476,1,3,71,0,13,0,0,0,0,0,13,0,13
1940,340461476,1,4,74,0,10,0,0,0,0,0,9,1,10
1940,340461476,1,5,77,0,8,0,0,0,0,0,7,1,8
1940,340461476,1,6,70,3,14,0,3,0,0,0,15,0,14
1940,340461476,1,7,72,0,6,0,0,0,0,0,6,0,6
1940,340461476,1,8,59,0,6,0,0,0,0,0,8,0,6
1940,340461476,1,9,88,2,9,0,2,0,0,0,7,2,9
1940,340461476,1,10,11,1,2,0,1,0,0,0,2,0,2
1940,340461476,1,11,12,0,0,0,0,0,0,0,0,0,0
1940,340461476,1,12,13,0,0,0,0,0,0,0,0,0,0
1940,340461476,1,13,18,0,2,0,0,0,0,0,2,0,2
1940,340461476,1,14,14,0,4,0,0,0,0,0,4,0,4
1940,340461476,1,15,9,1,4,0,1,0,0,0,4,0,4
1940,340461476,1,16,16,0,3,0,0,0,0,0,3,0,3
1940,340461476,1,17,15,0,1,0,0,0,0,0,0,1,1
1940,340461476,1,18,16,2,3,0,1,0,0,0,2,0,3
1940,340461476,1,19,13,0,1,0,0,0,0,0,1,0,1
1940,340461476,1,20,4,0,2,0,0,0,0,0,2,0,2
1940,340461476,1,21,14,0,2,0,0,0,0,0,1,0,2
1940,340461476,1,22,12,0,4,0,0,0,0,0,5,0,4
1940,340461476,1,23,6,0,0,0,0,0,0,0,0,0,0
1940,340461476,1,24,14,0,1,0,0,0,0,0,1,0,1
1940,340461476,1,25,14,1,2,0,1,0,0,0,2,0,2
1940,340461476,1,26,7,0,2,0,0,0,0,0,2,0,2
1940,340461476,1,27,7,0,0,0,0,0,0,0,0,0,0
1940,340461476,1,28,8,1,3,1,0,0,0,0,3,0,3
1940,340461476,1,29,13,0,1,0,0,0,0,0,0,1,1
1940,340461476,1,30,6,2,2,0,2,0,0,0,2,0,2
1940,340461476,1,31,6,0,0,0,0,0,0,0,0,0,0
1940,340461476,1,32,5,1,2,1,0,0,0,0,2,0,2
1940,340461476,1,33,12,0,0,0,0,0,0,0,0,0,0
1940,340461476,1,34,8,0,1,0,0,0,0,0,1,0,1
1940,340461476,1,35,6,0,1,0,0,0,0,0,2,0,1
1940,340461476,1,36,2,0,1,0,0,0,0,0,0,1,1
1940,340461476,1,37,6,1,1,0,1,0,0,0,1,0,1
1940,340461476,1,38,6,2,2,2,0,0,0,0,1,1,2
1940,340461476,1,39,9,1,0,1,0,0,0,0,0,0,0
1940,340461476,1,40,6,0,0,0,0,0,0,0,0,0,0
1940,340461476,1,41,4,1,1,1,0,0,0,0,1,0,1
1940,340461476,1,42,5,1,1,1,0,0,0,0,1,0,1
1940,340461476,1,43,3,0,0,0,0,0,0,0,0,0,0
1940,340461476,1,44,4,0,2,0,0,0,0,0,1,1,2
1940,340461476,1,45,7,1,1,1,0,0,0,0,1,0,1
1940,340461476,1,46,5,1,0,1,0,0,0,0,0,0,0
1940,340461476,1,47,9,0,1,0,0,0,0,0,1,0,1
1940,340461476,1,48,6,2,1,2,0,0,0,0,1,0,1
1940,340461476,1,49,7,1,1,1,0,0,0,1,1,0,1
1940,340461476,1,50,5,1,0,1,0,0,0,1,0,0,0
1940,340461476,1,51,6,1,0,1,0,0,0,0,0,0,0
1940,340461476,1,52,6,0,0,0,0,0,0,0,0,0,0
1940,340461476,1,53,7,0,1,0,0,0,0,0,1,0,1
1940,340461476,1,54,7,0,2,0,0,0,0,0,2,0,2
1940,340461476,1,55,8,0,0,0,0,0,0,0,0,0,0
1940,340461476,1,56,2,0,0,0,0,0,0,0,0,0,0
1940,340461476,1,57,5,0,1,0,0,0,0,0,1,0,1
1940,340461476,1,58,4,0,2,0,0,0,0,0,2,0,2
1940,340461476,1,59,6,1,1,1,0,0,0,0,1,0,1
1940,340461476,1,60,4,1,0,1,0,0,0,0,0,0,0
1940,340461476,1,61,3,0,1,0,0,0,0,0,1,0,1
1940,340461476,1,62,5,0,0,0,0,0,0,0,0,0,0
1940,340461476,1,63,4,0,0,0,0,0,0,0,0,0,0
1940,340461476,1,64,4,1,0,1,0,0,0,0,0,0,0
1940,340461476,1,65,1,0,0,0,0,0,0,0,0,0,0
1940,340461476,1,66,1,0,0,0,0,0,0,0,0,0,0
1940,340461476,1,67,3,1,0,1,0,0,0,0,0,0,0
1940,340461476,1,68,2,1,1,1,0,0,0,0,1,0,1
1940,340461476,1,69,3,0,0,0,0,0,0,0,0,0,0
1940,340461476,1,70,0,0,0,0,0,0,0,0,0,0,0
1940,340461476,1,71,3,0,0,0,0,0,0,0,0,0,0
1940,340461476,1,72,3,0,0,0,0,0,0,0,0,0,0
1940,340461476,1,73,3,0,1,0,0,0,0,0,1,0,1
1940,340461476,1,74,2,0,0,0,0,0,0,0,0,0,0
1940,340461476,1,75,0,0,0,0,0,0,0,0,0,0,0
1940,340461476,1,76,0,0,0,0,0,0,0,0,0,0,0
1940,340461476,1,77,2,0,0,0,0,0,0,0,0,0,0
1940,340461476,1,78,0,0,0,0,0,0,0,0,0,0,0
1940,340461476,1,79,1,0,0,0,0,0,0,0,0,0,0
1940,340461476,1,80,0,0,0,0,0,0,0,0,0,0,0
1940,340461476,1,81,1,0,0,0,0,0,0,0,0,0,0
1940,340461476,1,82,0,0,0,0,0,0,0,0,0,0,0
1940,340461476,1,83,0,0,0,0,0,0,0,0,0,0,0
1940,340461476,1,84,0,0,0,0,0,0,0,0,0,0,0
1940,340461476,1,85,1,0,0,0,0,0,0,0,0,0,0
1940,340461476,1,86,0,0,0,0,0,0,0,0,0,0,0
1940,340461476,1,87,0,0,0,0,0,0,0,0,0,0,0
1940,340461476,1,88,0,0,0,0,0,0,0,0,0,0,0
1940,340461476,1,89,1,0,0,0,0,0,0,0,0,0,0
1940,340461476,1,90,0,0,0,0,0,0,0,0,0,0,0
1940,340461476,1,91,0,0,0,0,0,0,0,0,0,0,0
1940,340461476,1,92,0,0,0,0,0,0,0,0,0,0,0
1940,340461476,1,93,0,0,0,0,0,0,0,0,0,0,0
1940,340461476,1,94,0,0,0,0,0,0,0,0,0,0,0
1940,340461476,1,95,0,0,0,0,0,0,0,0,0,0,0
1940,340461476,1,96,0,0,0,0,0,0,0,0,0,0,0
1940,340461476,1,97,0,0,0,0,0,0,0,0,0,0,0
1940,340461476,1,98,0,0,0,0,0,0,0,0,0,0,0
1940,340461476,1,99,0,0,0,0,0,0,0,0,0,0,0
